2025-07-25T14:21:01.558Z,0.0.4870694,0.0.9296478,1,ERROR,max attempts of 10 was reached for request with last error being: BUSY
2025-07-25T14:21:25.188Z,0.0.8160892,0.0.9296478,2,ERROR,receipt for transaction 0.0.9194364@1753453274.221706446 contained error status TOKEN_NOT_ASSOCIATED_TO_ACCOUNT
2025-07-25T14:21:33.936Z,0.0.7991798,0.0.9296478,3,ERROR,receipt for transaction 0.0.9194364@1753453282.588503140 contained error status TOKEN_NOT_ASSOCIATED_TO_ACCOUNT
2025-07-25T14:23:29.317Z,0.0.326826,0.0.9296478,4,ERROR,max attempts of 10 was reached for request with last error being: GrpcServiceError: gRPC service failed with: Status: UNAVAILABLE, Code: 14: Received HTTP status code 503
2025-07-25T14:24:33.119Z,0.0.845476,0.0.9296478,5,ERROR,max attempts of 10 was reached for request with last error being: BUSY
2025-07-25T14:27:40.611Z,0.0.845476,0.0.9296478,1,ERROR,max attempts of 10 was reached for request with last error being: BUSY
2025-07-25T14:28:17.250Z,0.0.8142971,0.0.9296478,2,SUCCESS
2025-07-25T14:29:09.974Z,0.0.832190,0.0.9296478,3,ERROR,max attempts of 10 was reached for request with last error being: BUSY
2025-07-25T14:29:15.429Z,0.0.8180616,0.0.9296478,4,ERROR,receipt for transaction 0.0.9194364@1753453744.521314591 contained error status TOKEN_NOT_ASSOCIATED_TO_ACCOUNT
2025-07-25T14:30:17.589Z,0.0.7900973,0.0.9296478,5,ERROR,max attempts of 10 was reached for request with last error being: BUSY
2025-07-25T14:31:51.285Z,0.0.3927125,0.0.9296478,6,SUCCESS
2025-07-25T14:32:50.642Z,0.0.4318040,0.0.9296478,7,ERROR,max attempts of 10 was reached for request with last error being: BUSY
2025-07-25T14:32:59.060Z,0.0.4923080,0.0.9296478,8,ERROR,receipt for transaction 0.0.9194364@1753453967.585111738 contained error status TOKEN_NOT_ASSOCIATED_TO_ACCOUNT
2025-07-25T14:34:00.581Z,0.0.7763952,0.0.9296478,9,ERROR,max attempts of 10 was reached for request with last error being: BUSY
2025-07-25T14:35:03.718Z,0.0.1285385,0.0.9296478,10,ERROR,max attempts of 10 was reached for request with last error being: BUSY
2025-07-25T14:35:27.937Z,0.0.8152485,0.0.9296478,11,SUCCESS
2025-07-25T14:36:19.162Z,0.0.4595969,0.0.9296478,12,SUCCESS
2025-07-25T14:37:17.109Z,0.0.1704972,0.0.9296478,13,SUCCESS
2025-07-25T14:38:24.296Z,0.0.6050,0.0.9296478,14,ERROR,max attempts of 10 was reached for request with last error being: GrpcServiceError: gRPC service failed with: Status: UNAVAILABLE, Code: 14: Received HTTP status code 503
2025-07-25T14:39:58.387Z,0.0.7715516,0.0.9296478,15,ERROR,receipt for transaction 0.0.9194364@1753454386.209218792 contained error status TOKEN_NOT_ASSOCIATED_TO_ACCOUNT
2025-07-25T14:40:41.348Z,0.0.458059,0.0.9296478,16,SUCCESS
2025-07-25T14:41:58.883Z,0.0.4591759,0.0.9296478,17,ERROR,max attempts of 10 was reached for request with last error being: BUSY
2025-07-25T14:43:03.920Z,0.0.4812294,0.0.9296478,18,ERROR,max attempts of 10 was reached for request with last error being: BUSY
2025-07-25T14:43:14.030Z,0.0.4350275,0.0.9296478,19,ERROR,receipt for transaction 0.0.9194364@1753454584.242550056 contained error status TOKEN_NOT_ASSOCIATED_TO_ACCOUNT
2025-07-25T14:43:38.178Z,0.0.7785180,0.0.9296478,20,SUCCESS
2025-07-25T14:44:43.948Z,0.0.4324445,0.0.9296478,21,SUCCESS
2025-07-25T14:45:45.544Z,0.0.939841,0.0.9296478,22,ERROR,max attempts of 10 was reached for request with last error being: BUSY
2025-07-25T14:46:47.593Z,0.0.973559,0.0.9296478,23,ERROR,max attempts of 10 was reached for request with last error being: BUSY
2025-07-25T14:47:51.067Z,0.0.1036366,0.0.9296478,24,ERROR,max attempts of 10 was reached for request with last error being: BUSY
2025-07-25T14:48:56.301Z,0.0.454804,0.0.9296478,25,ERROR,max attempts of 10 was reached for request with last error being: GrpcServiceError: gRPC service failed with: Status: TIMEOUT, Code: 17
2025-07-25T14:49:04.000Z,0.0.8181593,0.0.9296478,26,ERROR,receipt for transaction 0.0.9194364@1753454931.703671713 contained error status TOKEN_NOT_ASSOCIATED_TO_ACCOUNT
2025-07-25T14:49:20.299Z,0.0.7222630,0.0.9296478,27,SUCCESS
2025-07-25T14:50:30.353Z,0.0.1421971,0.0.9296478,28,ERROR,max attempts of 10 was reached for request with last error being: BUSY
2025-07-25T14:51:48.693Z,0.0.7969577,0.0.9296478,29,ERROR,max attempts of 10 was reached for request with last error being: BUSY
2025-07-25T14:53:00.281Z,0.0.7749411,0.0.9296478,30,ERROR,max attempts of 10 was reached for request with last error being: BUSY
2025-07-25T14:53:58.216Z,0.0.1468174,0.0.9296478,31,ERROR,max attempts of 10 was reached for request with last error being: BUSY
2025-07-25T14:54:52.728Z,0.0.663924,0.0.9296478,32,ERROR,max attempts of 10 was reached for request with last error being: BUSY
2025-07-25T14:55:53.852Z,0.0.7483944,0.0.9296478,33,ERROR,max attempts of 10 was reached for request with last error being: BUSY
2025-07-25T14:56:05.265Z,0.0.5475481,0.0.9296478,34,ERROR,receipt for transaction 0.0.9194364@1753455349.367010556 contained error status TOKEN_NOT_ASSOCIATED_TO_ACCOUNT
2025-07-25T14:57:07.045Z,0.0.4318142,0.0.9296478,35,ERROR,max attempts of 10 was reached for request with last error being: BUSY
2025-07-25T14:58:06.958Z,0.0.725455,0.0.9296478,36,ERROR,max attempts of 10 was reached for request with last error being: BUSY
2025-07-25T14:58:24.996Z,0.0.7863693,0.0.9296478,37,SUCCESS
2025-07-25T14:59:26.270Z,0.0.4364980,0.0.9296478,38,ERROR,max attempts of 10 was reached for request with last error being: BUSY
2025-07-25T15:00:36.295Z,0.0.7770246,0.0.9296478,39,ERROR,max attempts of 10 was reached for request with last error being: BUSY
2025-07-25T15:02:42.513Z,0.0.1360162,0.0.9296478,40,ERROR,max attempts of 10 was reached for request with last error being: BUSY
2025-07-25T15:03:49.825Z,0.0.3965809,0.0.9296478,41,SUCCESS
2025-07-25T15:04:25.592Z,0.0.2773436,0.0.9296478,42,SUCCESS
2025-07-25T15:04:36.482Z,0.0.40216,0.0.9296478,43,ERROR,receipt for transaction 0.0.9194364@1753455865.541765770 contained error status TOKEN_NOT_ASSOCIATED_TO_ACCOUNT
2025-07-25T15:04:52.611Z,0.0.1911303,0.0.9296478,44,ERROR,receipt for transaction 0.0.9194364@1753455881.798006394 contained error status NO_REMAINING_AUTOMATIC_ASSOCIATIONS
2025-07-25T15:05:55.262Z,0.0.643909,0.0.9296478,45,ERROR,max attempts of 10 was reached for request with last error being: BUSY
2025-07-25T15:07:54.085Z,0.0.864216,0.0.9296478,46,ERROR,max attempts of 10 was reached for request with last error being: BUSY
2025-07-25T15:08:57.147Z,0.0.1018824,0.0.9296478,47,ERROR,max attempts of 10 was reached for request with last error being: BUSY
2025-07-25T15:10:05.670Z,0.0.1314552,0.0.9296478,48,SUCCESS
2025-07-25T15:10:23.659Z,0.0.509518,0.0.9296478,49,SUCCESS
2025-07-25T15:11:08.147Z,0.0.4695025,0.0.9296478,50,ERROR,receipt for transaction 0.0.9194364@1753456256.242212284 contained error status TOKEN_NOT_ASSOCIATED_TO_ACCOUNT
2025-07-25T15:12:02.264Z,0.0.4312340,0.0.9296478,51,ERROR,max attempts of 10 was reached for request with last error being: BUSY
2025-07-25T15:12:18.664Z,0.0.3304005,0.0.9296478,52,ERROR,receipt for transaction 0.0.9194364@1753456320.116108034 contained error status TOKEN_NOT_ASSOCIATED_TO_ACCOUNT
2025-07-25T15:12:38.229Z,0.0.8013770,0.0.9296478,53,SUCCESS
2025-07-25T15:13:38.390Z,0.0.7964752,0.0.9296478,54,ERROR,max attempts of 10 was reached for request with last error being: BUSY
2025-07-25T15:14:38.974Z,0.0.7939731,0.0.9296478,55,ERROR,max attempts of 10 was reached for request with last error being: BUSY
2025-07-25T15:15:07.063Z,0.0.4912708,0.0.9296478,56,ERROR,receipt for transaction 0.0.9194364@1753456498.334015727 contained error status TOKEN_NOT_ASSOCIATED_TO_ACCOUNT
2025-07-25T15:15:14.495Z,0.0.1404401,0.0.9296478,57,SUCCESS
2025-07-25T15:16:18.742Z,0.0.3968150,0.0.9296478,58,SUCCESS
2025-07-25T15:17:20.607Z,0.0.7060192,0.0.9296478,59,ERROR,max attempts of 10 was reached for request with last error being: BUSY
2025-07-25T15:18:33.878Z,0.0.4340074,0.0.9296478,60,ERROR,max attempts of 10 was reached for request with last error being: BUSY
2025-07-25T15:18:53.761Z,0.0.1470278,0.0.9296478,61,SUCCESS
2025-07-25T15:19:59.689Z,0.0.4178198,0.0.9296478,62,ERROR,max attempts of 10 was reached for request with last error being: BUSY
2025-07-25T15:21:01.496Z,0.0.4615531,0.0.9296478,63,ERROR,max attempts of 10 was reached for request with last error being: BUSY
2025-07-25T15:21:18.505Z,0.0.5171340,0.0.9296478,64,SUCCESS
2025-07-25T15:22:15.890Z,0.0.3048854,0.0.9296478,65,ERROR,max attempts of 10 was reached for request with last error being: BUSY
2025-07-25T15:23:10.550Z,0.0.7155902,0.0.9296478,66,ERROR,max attempts of 10 was reached for request with last error being: BUSY
2025-07-25T15:23:44.526Z,0.0.832543,0.0.9296478,67,ERROR,receipt for transaction 0.0.9194364@1753457014.823066657 contained error status TOKEN_NOT_ASSOCIATED_TO_ACCOUNT
2025-07-25T15:24:35.306Z,0.0.8174246,0.0.9296478,68,SUCCESS
2025-07-25T15:25:55.358Z,0.0.1475262,0.0.9296478,69,ERROR,max attempts of 10 was reached for request with last error being: BUSY
2025-07-25T15:26:55.895Z,0.0.4211429,0.0.9296478,70,ERROR,max attempts of 10 was reached for request with last error being: BUSY
2025-07-25T15:27:55.530Z,0.0.1200616,0.0.9296478,71,ERROR,max attempts of 10 was reached for request with last error being: BUSY
2025-07-25T15:28:56.783Z,0.0.1425321,0.0.9296478,72,ERROR,max attempts of 10 was reached for request with last error being: BUSY
2025-07-25T15:30:05.108Z,0.0.4958794,0.0.9296478,73,SUCCESS
2025-07-25T15:31:13.624Z,0.0.8143157,0.0.9296478,74,ERROR,max attempts of 10 was reached for request with last error being: BUSY
2025-07-25T15:32:05.810Z,0.0.3096877,0.0.9296478,75,ERROR,max attempts of 10 was reached for request with last error being: GrpcServiceError: gRPC service failed with: Status: UNAVAILABLE, Code: 14: Received HTTP status code 503
2025-07-25T15:33:04.733Z,0.0.4275917,0.0.9296478,76,SUCCESS
2025-07-25T15:33:56.448Z,0.0.2175236,0.0.9296478,77,ERROR,max attempts of 10 was reached for request with last error being: BUSY
2025-07-25T15:35:27.220Z,0.0.790788,0.0.9296478,78,ERROR,max attempts of 10 was reached for request with last error being: BUSY
2025-07-25T15:35:42.486Z,0.0.1085174,0.0.9296478,79,ERROR,receipt for transaction 0.0.9194364@1753457729.757164634 contained error status NO_REMAINING_AUTOMATIC_ASSOCIATIONS
2025-07-25T15:36:42.908Z,0.0.4366157,0.0.9296478,80,ERROR,max attempts of 10 was reached for request with last error being: BUSY
2025-07-25T15:38:05.858Z,0.0.1786185,0.0.9296478,81,ERROR,max attempts of 10 was reached for request with last error being: BUSY
2025-07-25T15:39:17.700Z,0.0.982545,0.0.9296478,82,ERROR,max attempts of 10 was reached for request with last error being: BUSY
2025-07-25T15:40:02.788Z,0.0.1337958,0.0.9296478,83,SUCCESS
2025-07-25T15:40:42.271Z,0.0.4607653,0.0.9296478,84,SUCCESS
2025-07-25T15:41:19.159Z,0.0.8143745,0.0.9296478,85,ERROR,receipt for transaction 0.0.9194364@1753458065.666222672 contained error status TOKEN_NOT_ASSOCIATED_TO_ACCOUNT
2025-07-25T15:41:44.291Z,0.0.3274648,0.0.9296478,86,ERROR,receipt for transaction 0.0.9194364@1753458091.800985993 contained error status TOKEN_NOT_ASSOCIATED_TO_ACCOUNT
2025-07-25T15:42:36.775Z,0.0.1295194,0.0.9296478,87,ERROR,max attempts of 10 was reached for request with last error being: BUSY
2025-07-25T15:42:46.617Z,0.0.4957513,0.0.9296478,88,ERROR,receipt for transaction 0.0.9194364@1753458157.376955224 contained error status TOKEN_NOT_ASSOCIATED_TO_ACCOUNT
2025-07-25T15:42:56.005Z,0.0.8131324,0.0.9296478,89,ERROR,receipt for transaction 0.0.9194364@1753458166.786339134 contained error status TOKEN_NOT_ASSOCIATED_TO_ACCOUNT
2025-07-25T15:44:09.290Z,0.0.3965045,0.0.9296478,90,ERROR,max attempts of 10 was reached for request with last error being: BUSY
2025-07-25T15:45:09.785Z,0.0.8102310,0.0.9296478,91,ERROR,max attempts of 10 was reached for request with last error being: BUSY
2025-07-25T15:45:45.832Z,0.0.1071561,0.0.9296478,92,ERROR,receipt for transaction 0.0.9194364@1753458334.386189552 contained error status TOKEN_NOT_ASSOCIATED_TO_ACCOUNT
2025-07-25T15:46:39.294Z,0.0.7848161,0.0.9296478,93,ERROR,max attempts of 10 was reached for request with last error being: BUSY
2025-07-25T15:47:32.737Z,0.0.4046889,0.0.9296478,94,ERROR,max attempts of 10 was reached for request with last error being: BUSY
2025-07-25T15:48:32.222Z,0.0.5570978,0.0.9296478,95,SUCCESS
2025-07-25T15:48:54.384Z,0.0.2103926,0.0.9296478,96,ERROR,receipt for transaction 0.0.9194364@1753458523.069225924 contained error status TOKEN_NOT_ASSOCIATED_TO_ACCOUNT
2025-07-25T15:49:10.278Z,0.0.3971395,0.0.9296478,97,ERROR,receipt for transaction 0.0.9194364@1753458538.703776230 contained error status TOKEN_NOT_ASSOCIATED_TO_ACCOUNT
2025-07-25T15:49:43.359Z,0.0.8147681,0.0.9296478,98,SUCCESS
2025-07-25T15:50:23.385Z,0.0.3169359,0.0.9296478,99,SUCCESS
2025-07-25T15:51:32.585Z,0.0.1035628,0.0.9296478,100,ERROR,max attempts of 10 was reached for request with last error being: BUSY
2025-07-25T15:52:31.319Z,0.0.7948676,0.0.9296478,101,ERROR,max attempts of 10 was reached for request with last error being: BUSY
2025-07-25T15:53:56.792Z,0.0.792532,0.0.9296478,102,ERROR,max attempts of 10 was reached for request with last error being: BUSY
2025-07-25T15:54:08.000Z,0.0.8158611,0.0.9296478,103,SUCCESS
2025-07-25T15:55:01.405Z,0.0.4361012,0.0.9296478,104,ERROR,max attempts of 10 was reached for request with last error being: BUSY
2025-07-25T15:56:28.593Z,0.0.6068342,0.0.9296478,105,ERROR,max attempts of 10 was reached for request with last error being: BUSY
2025-07-25T15:57:34.753Z,0.0.7821112,0.0.9296478,106,ERROR,max attempts of 10 was reached for request with last error being: BUSY
2025-07-25T15:58:48.463Z,0.0.3168883,0.0.9296478,107,ERROR,max attempts of 10 was reached for request with last error being: BUSY
2025-07-25T16:00:15.066Z,0.0.3041089,0.0.9296478,108,ERROR,max attempts of 10 was reached for request with last error being: BUSY
2025-07-25T16:00:27.761Z,0.0.8146757,0.0.9296478,109,SUCCESS
2025-07-25T16:01:28.838Z,0.0.5765172,0.0.9296478,110,ERROR,max attempts of 10 was reached for request with last error being: BUSY
2025-07-25T16:02:29.847Z,0.0.3167151,0.0.9296478,111,ERROR,max attempts of 10 was reached for request with last error being: BUSY
2025-07-25T16:04:54.078Z,0.0.1708350,0.0.9296478,112,ERROR,max attempts of 10 was reached for request with last error being: BUSY
2025-07-25T16:05:55.670Z,0.0.4369328,0.0.9296478,113,ERROR,max attempts of 10 was reached for request with last error being: BUSY
2025-07-25T16:06:25.567Z,0.0.2061956,0.0.9296478,114,ERROR,receipt for transaction 0.0.9194364@1753459576.600023691 contained error status TOKEN_NOT_ASSOCIATED_TO_ACCOUNT
2025-07-25T16:07:27.137Z,0.0.904237,0.0.9296478,115,ERROR,max attempts of 10 was reached for request with last error being: BUSY
2025-07-25T16:08:49.558Z,0.0.1380166,0.0.9296478,116,ERROR,max attempts of 10 was reached for request with last error being: GrpcServiceError: gRPC service failed with: Status: TIMEOUT, Code: 17
2025-07-25T16:10:33.032Z,0.0.965330,0.0.9296478,117,SUCCESS
2025-07-25T16:11:34.052Z,0.0.2189289,0.0.9296478,118,ERROR,max attempts of 10 was reached for request with last error being: BUSY
2025-07-25T16:12:33.676Z,0.0.4315388,0.0.9296478,119,ERROR,max attempts of 10 was reached for request with last error being: BUSY
2025-07-25T16:13:34.695Z,0.0.3802249,0.0.9296478,120,ERROR,max attempts of 10 was reached for request with last error being: BUSY
2025-07-25T16:14:39.770Z,0.0.4273349,0.0.9296478,121,ERROR,max attempts of 10 was reached for request with last error being: BUSY
2025-07-25T16:15:50.336Z,0.0.4337846,0.0.9296478,122,ERROR,max attempts of 10 was reached for request with last error being: BUSY
2025-07-25T16:17:46.300Z,0.0.3944724,0.0.9296478,123,ERROR,max attempts of 10 was reached for request with last error being: BUSY
2025-07-25T16:18:41.604Z,0.0.4091984,0.0.9296478,124,ERROR,max attempts of 10 was reached for request with last error being: BUSY
2025-07-25T16:19:43.126Z,0.0.5162300,0.0.9296478,125,ERROR,max attempts of 10 was reached for request with last error being: BUSY
2025-07-25T16:20:42.156Z,0.0.4308701,0.0.9296478,126,ERROR,max attempts of 10 was reached for request with last error being: BUSY
2025-07-25T16:21:46.486Z,0.0.7893421,0.0.9296478,127,ERROR,max attempts of 10 was reached for request with last error being: BUSY
2025-07-25T16:22:50.306Z,0.0.5195606,0.0.9296478,128,ERROR,max attempts of 10 was reached for request with last error being: BUSY
2025-07-25T16:23:00.307Z,0.0.4497797,0.0.9296478,129,SUCCESS
2025-07-25T16:24:01.831Z,0.0.4279368,0.0.9296478,130,ERROR,max attempts of 10 was reached for request with last error being: BUSY
2025-07-25T16:26:08.700Z,0.0.662983,0.0.9296478,131,ERROR,max attempts of 10 was reached for request with last error being: BUSY
2025-07-25T16:27:11.915Z,0.0.7915722,0.0.9296478,132,ERROR,max attempts of 10 was reached for request with last error being: BUSY
2025-07-25T16:28:15.126Z,0.0.4355567,0.0.9296478,133,SUCCESS
2025-07-25T16:29:20.148Z,0.0.7577418,0.0.9296478,134,ERROR,max attempts of 10 was reached for request with last error being: BUSY
2025-07-25T16:30:48.990Z,0.0.8059942,0.0.9296478,135,ERROR,max attempts of 10 was reached for request with last error being: BUSY
2025-07-25T16:31:53.262Z,0.0.6063096,0.0.9296478,136,ERROR,max attempts of 10 was reached for request with last error being: BUSY
2025-07-25T16:32:53.281Z,0.0.3161254,0.0.9296478,137,ERROR,max attempts of 10 was reached for request with last error being: BUSY
2025-07-25T16:33:54.789Z,0.0.586040,0.0.9296478,138,ERROR,max attempts of 10 was reached for request with last error being: BUSY
2025-07-25T16:34:24.263Z,0.0.3836035,0.0.9296478,139,ERROR,receipt for transaction 0.0.9194364@1753461255.951759500 contained error status TOKEN_NOT_ASSOCIATED_TO_ACCOUNT
2025-07-25T16:35:30.547Z,0.0.7907763,0.0.9296478,140,ERROR,max attempts of 10 was reached for request with last error being: BUSY
2025-07-25T16:35:48.558Z,0.0.7980815,0.0.9296478,141,ERROR,receipt for transaction 0.0.9194364@1753461338.504474580 contained error status TOKEN_NOT_ASSOCIATED_TO_ACCOUNT
2025-07-25T16:37:37.114Z,0.0.7924085,0.0.9296478,142,ERROR,max attempts of 10 was reached for request with last error being: BUSY
2025-07-25T16:38:38.908Z,0.0.7802114,0.0.9296478,143,ERROR,max attempts of 10 was reached for request with last error being: BUSY
2025-07-25T16:39:32.293Z,0.0.1348095,0.0.9296478,144,ERROR,max attempts of 10 was reached for request with last error being: BUSY
2025-07-25T16:40:36.260Z,0.0.1094369,0.0.9296478,145,ERROR,max attempts of 10 was reached for request with last error being: BUSY
2025-07-25T16:40:54.560Z,0.0.891499,0.0.9296478,146,SUCCESS
2025-07-25T16:41:03.646Z,0.0.7627197,0.0.9296478,147,ERROR,receipt for transaction 0.0.9194364@1753461649.806158373 contained error status TOKEN_NOT_ASSOCIATED_TO_ACCOUNT
2025-07-25T16:42:06.737Z,0.0.1357174,0.0.9296478,148,ERROR,max attempts of 10 was reached for request with last error being: BUSY
2025-07-25T16:43:08.001Z,0.0.793318,0.0.9296478,149,ERROR,max attempts of 10 was reached for request with last error being: BUSY
2025-07-25T16:44:08.775Z,0.0.996405,0.0.9296478,150,ERROR,max attempts of 10 was reached for request with last error being: BUSY
2025-07-25T16:45:07.806Z,0.0.6026822,0.0.9296478,151,ERROR,max attempts of 10 was reached for request with last error being: BUSY
2025-07-25T16:46:16.538Z,0.0.499534,0.0.9296478,152,ERROR,max attempts of 10 was reached for request with last error being: BUSY
2025-07-25T16:47:48.022Z,0.0.779779,0.0.9296478,153,ERROR,max attempts of 10 was reached for request with last error being: BUSY
2025-07-25T16:48:37.146Z,0.0.4576167,0.0.9296478,154,ERROR,receipt for transaction 0.0.9194364@1753462109.981800915 contained error status TOKEN_NOT_ASSOCIATED_TO_ACCOUNT
2025-07-25T16:48:48.483Z,0.0.6796315,0.0.9296478,155,ERROR,receipt for transaction 0.0.9194364@1753462116.157499282 contained error status TOKEN_NOT_ASSOCIATED_TO_ACCOUNT
2025-07-25T16:50:22.100Z,0.0.4561175,0.0.9296478,156,ERROR,max attempts of 10 was reached for request with last error being: BUSY
2025-07-25T16:50:46.382Z,0.0.4253136,0.0.9296478,157,SUCCESS
2025-07-25T16:51:48.906Z,0.0.4843176,0.0.9296478,158,ERROR,max attempts of 10 was reached for request with last error being: BUSY
2025-07-25T16:51:54.383Z,0.0.8128931,0.0.9296478,159,ERROR,receipt for transaction 0.0.9194364@1753462303.950008327 contained error status TOKEN_NOT_ASSOCIATED_TO_ACCOUNT
2025-07-25T16:52:43.095Z,0.0.476700,0.0.9296478,160,SUCCESS
2025-07-25T16:52:50.041Z,0.0.8202645,0.0.9296478,161,ERROR,receipt for transaction 0.0.9194364@1753462359.307906045 contained error status TOKEN_NOT_ASSOCIATED_TO_ACCOUNT
2025-07-25T16:53:56.071Z,0.0.4432366,0.0.9296478,162,ERROR,max attempts of 10 was reached for request with last error being: BUSY
2025-07-25T16:55:11.531Z,0.0.791245,0.0.9296478,163,ERROR,max attempts of 10 was reached for request with last error being: BUSY
2025-07-25T16:55:15.871Z,0.0.7131424,0.0.9296478,164,ERROR,receipt for transaction 0.0.9194364@1753462504.695571509 contained error status TOKEN_NOT_ASSOCIATED_TO_ACCOUNT
2025-07-25T16:56:21.792Z,0.0.4350595,0.0.9296478,165,ERROR,max attempts of 10 was reached for request with last error being: BUSY
2025-07-25T16:56:36.372Z,0.0.1484720,0.0.9296478,166,SUCCESS
2025-07-25T16:57:39.313Z,0.0.1453734,0.0.9296478,167,ERROR,max attempts of 10 was reached for request with last error being: BUSY
2025-07-25T16:58:49.683Z,0.0.7601470,0.0.9296478,168,SUCCESS
2025-07-25T16:59:50.396Z,0.0.1269004,0.0.9296478,169,ERROR,max attempts of 10 was reached for request with last error being: BUSY
2025-07-25T17:00:53.400Z,0.0.4822391,0.0.9296478,170,ERROR,max attempts of 10 was reached for request with last error being: BUSY
2025-07-25T17:01:54.338Z,0.0.4355306,0.0.9296478,171,ERROR,max attempts of 10 was reached for request with last error being: BUSY
2025-07-25T17:02:08.023Z,0.0.7916,0.0.9296478,172,ERROR,receipt for transaction 0.0.9194364@1753462915.277898389 contained error status TOKEN_NOT_ASSOCIATED_TO_ACCOUNT
2025-07-25T17:03:31.957Z,0.0.4193066,0.0.9296478,173,ERROR,max attempts of 10 was reached for request with last error being: BUSY
2025-07-25T17:04:50.398Z,0.0.683607,0.0.9296478,174,ERROR,max attempts of 10 was reached for request with last error being: BUSY
2025-07-25T17:05:06.717Z,0.0.8201634,0.0.9296478,175,ERROR,receipt for transaction 0.0.9194364@1753463086.926131629 contained error status TOKEN_NOT_ASSOCIATED_TO_ACCOUNT
2025-07-25T17:06:09.201Z,0.0.5700356,0.0.9296478,176,ERROR,max attempts of 10 was reached for request with last error being: BUSY
2025-07-25T17:06:29.954Z,0.0.3687967,0.0.9296478,177,SUCCESS
2025-07-25T17:07:29.056Z,0.0.6002813,0.0.9296478,178,ERROR,max attempts of 10 was reached for request with last error being: BUSY
2025-07-25T17:07:45.965Z,0.0.6194066,0.0.9296478,179,ERROR,receipt for transaction 0.0.9194364@1753463250.866259096 contained error status TOKEN_NOT_ASSOCIATED_TO_ACCOUNT
2025-07-25T17:08:47.845Z,0.0.4615491,0.0.9296478,180,ERROR,max attempts of 10 was reached for request with last error being: BUSY
2025-07-25T17:10:06.891Z,0.0.3441589,0.0.9296478,181,ERROR,max attempts of 10 was reached for request with last error being: BUSY
2025-07-25T17:10:33.968Z,0.0.8209469,0.0.9296478,182,ERROR,receipt for transaction 0.0.9194364@1753463420.020585893 contained error status TOKEN_NOT_ASSOCIATED_TO_ACCOUNT
2025-07-25T17:11:34.377Z,0.0.3215432,0.0.9296478,183,ERROR,max attempts of 10 was reached for request with last error being: BUSY
2025-07-25T17:13:18.981Z,0.0.1478185,0.0.9296478,184,ERROR,max attempts of 10 was reached for request with last error being: BUSY
2025-07-25T17:13:34.670Z,0.0.4559235,0.0.9296478,185,ERROR,receipt for transaction 0.0.9194364@1753463602.529187322 contained error status TOKEN_NOT_ASSOCIATED_TO_ACCOUNT
2025-07-25T17:14:36.980Z,0.0.848305,0.0.9296478,186,ERROR,max attempts of 10 was reached for request with last error being: BUSY
2025-07-25T17:15:38.704Z,0.0.833323,0.0.9296478,187,ERROR,max attempts of 10 was reached for request with last error being: BUSY
2025-07-25T17:16:43.034Z,0.0.616721,0.0.9296478,188,ERROR,max attempts of 10 was reached for request with last error being: BUSY
2025-07-25T17:17:44.770Z,0.0.4858116,0.0.9296478,189,ERROR,max attempts of 10 was reached for request with last error being: BUSY
2025-07-25T17:17:55.837Z,0.0.7504500,0.0.9296478,190,SUCCESS
2025-07-25T17:18:12.796Z,0.0.5129884,0.0.9296478,191,SUCCESS
2025-07-25T17:18:20.714Z,0.0.7697229,0.0.9296478,192,ERROR,receipt for transaction 0.0.9194364@1753463890.300953417 contained error status TOKEN_NOT_ASSOCIATED_TO_ACCOUNT
2025-07-25T17:19:17.321Z,0.0.961733,0.0.9296478,193,ERROR,max attempts of 10 was reached for request with last error being: BUSY
2025-07-25T17:20:33.569Z,0.0.484985,0.0.9296478,194,ERROR,max attempts of 10 was reached for request with last error being: BUSY
2025-07-25T17:20:56.519Z,0.0.837878,0.0.9296478,195,ERROR,receipt for transaction 0.0.9194364@1753464045.835856390 contained error status TOKEN_NOT_ASSOCIATED_TO_ACCOUNT
2025-07-25T17:22:24.295Z,0.0.1120183,0.0.9296478,196,ERROR,max attempts of 10 was reached for request with last error being: BUSY
2025-07-25T17:24:00.698Z,0.0.1080907,0.0.9296478,197,ERROR,max attempts of 10 was reached for request with last error being: BUSY
2025-07-25T17:25:02.619Z,0.0.1111866,0.0.9296478,198,ERROR,max attempts of 10 was reached for request with last error being: BUSY
2025-07-25T17:26:11.628Z,0.0.1742940,0.0.9296478,199,ERROR,max attempts of 10 was reached for request with last error being: BUSY
2025-07-25T17:27:47.746Z,0.0.6447830,0.0.9296478,200,ERROR,max attempts of 10 was reached for request with last error being: BUSY
2025-07-25T17:28:48.798Z,0.0.1097345,0.0.9296478,201,ERROR,max attempts of 10 was reached for request with last error being: BUSY
2025-07-25T17:29:32.352Z,0.0.1137113,0.0.9296478,202,ERROR,receipt for transaction 0.0.9194364@1753464562.098287378 contained error status TOKEN_NOT_ASSOCIATED_TO_ACCOUNT
2025-07-25T17:29:39.302Z,0.0.8190378,0.0.9296478,203,ERROR,receipt for transaction 0.0.9194364@1753464565.378177223 contained error status TOKEN_NOT_ASSOCIATED_TO_ACCOUNT
2025-07-25T17:31:03.740Z,0.0.5106932,0.0.9296478,204,SUCCESS
2025-07-25T17:31:18.314Z,0.0.8191634,0.0.9296478,205,ERROR,receipt for transaction 0.0.9194364@1753464667.435735245 contained error status TOKEN_NOT_ASSOCIATED_TO_ACCOUNT
2025-07-25T17:32:18.525Z,0.0.7907784,0.0.9296478,206,ERROR,max attempts of 10 was reached for request with last error being: BUSY
2025-07-25T17:33:19.427Z,0.0.7214534,0.0.9296478,207,ERROR,max attempts of 10 was reached for request with last error being: BUSY
2025-07-25T17:33:32.640Z,0.0.8165497,0.0.9296478,208,SUCCESS
2025-07-25T17:34:05.793Z,0.0.7210045,0.0.9296478,209,ERROR,receipt for transaction 0.0.9194364@1753464834.697891447 contained error status TOKEN_NOT_ASSOCIATED_TO_ACCOUNT
2025-07-25T17:35:00.063Z,0.0.1117018,0.0.9296478,210,ERROR,max attempts of 10 was reached for request with last error being: BUSY
2025-07-25T17:35:06.197Z,0.0.8193911,0.0.9296478,211,SUCCESS
2025-07-25T17:35:14.572Z,0.0.8195929,0.0.9296478,212,SUCCESS
2025-07-25T17:36:15.927Z,0.0.5186347,0.0.9296478,213,ERROR,max attempts of 10 was reached for request with last error being: BUSY
2025-07-25T17:37:36.172Z,0.0.8033358,0.0.9296478,214,ERROR,max attempts of 10 was reached for request with last error being: BUSY
2025-07-25T17:38:39.600Z,0.0.699534,0.0.9296478,215,ERROR,max attempts of 10 was reached for request with last error being: BUSY
2025-07-25T17:39:40.643Z,0.0.7687902,0.0.9296478,216,ERROR,max attempts of 10 was reached for request with last error being: BUSY
2025-07-25T17:40:42.523Z,0.0.5146064,0.0.9296478,217,ERROR,max attempts of 10 was reached for request with last error being: BUSY
2025-07-25T17:41:43.527Z,0.0.975200,0.0.9296478,218,ERROR,max attempts of 10 was reached for request with last error being: BUSY
2025-07-25T17:41:50.415Z,0.0.5285066,0.0.9296478,219,ERROR,receipt for transaction 0.0.9194364@1753465296.653438627 contained error status TOKEN_NOT_ASSOCIATED_TO_ACCOUNT
2025-07-25T17:42:52.352Z,0.0.7377923,0.0.9296478,220,ERROR,max attempts of 10 was reached for request with last error being: BUSY
2025-07-25T17:42:59.374Z,0.0.8200296,0.0.9296478,221,ERROR,receipt for transaction 0.0.9194364@1753465368.518314641 contained error status TOKEN_NOT_ASSOCIATED_TO_ACCOUNT
2025-07-25T17:43:30.893Z,0.0.8202059,0.0.9296478,222,ERROR,receipt for transaction 0.0.9194364@1753465402.920414422 contained error status TOKEN_NOT_ASSOCIATED_TO_ACCOUNT
2025-07-25T17:43:40.424Z,0.0.8202230,0.0.9296478,223,ERROR,receipt for transaction 0.0.9194364@1753465411.865360047 contained error status TOKEN_NOT_ASSOCIATED_TO_ACCOUNT
2025-07-25T17:44:41.935Z,0.0.4554850,0.0.9296478,224,ERROR,max attempts of 10 was reached for request with last error being: BUSY
2025-07-25T17:45:17.387Z,0.0.692663,0.0.9296478,225,ERROR,receipt for transaction 0.0.9194364@1753465507.414930717 contained error status TOKEN_NOT_ASSOCIATED_TO_ACCOUNT
2025-07-25T17:45:43.510Z,0.0.8090434,0.0.9296478,226,ERROR,receipt for transaction 0.0.9194364@1753465532.874897796 contained error status TOKEN_NOT_ASSOCIATED_TO_ACCOUNT
2025-07-25T17:45:57.650Z,0.0.8090443,0.0.9296478,227,ERROR,receipt for transaction 0.0.9194364@1753465545.130802371 contained error status TOKEN_NOT_ASSOCIATED_TO_ACCOUNT
2025-07-25T17:47:37.321Z,0.0.3963486,0.0.9296478,228,ERROR,max attempts of 10 was reached for request with last error being: BUSY
2025-07-25T17:48:46.969Z,0.0.8204923,0.0.9296478,229,ERROR,max attempts of 10 was reached for request with last error being: BUSY
2025-07-25T17:48:59.860Z,0.0.8205084,0.0.9296478,230,SUCCESS
2025-07-25T17:50:08.259Z,0.0.4325842,0.0.9296478,231,ERROR,max attempts of 10 was reached for request with last error being: BUSY
2025-07-25T17:51:17.291Z,0.0.792890,0.0.9296478,232,ERROR,max attempts of 10 was reached for request with last error being: BUSY
2025-07-25T17:51:25.614Z,0.0.8207986,0.0.9296478,233,ERROR,receipt for transaction 0.0.9194364@1753465871.693907978 contained error status TOKEN_NOT_ASSOCIATED_TO_ACCOUNT
2025-07-25T17:51:35.139Z,0.0.3101147,0.0.9296478,234,SUCCESS
2025-07-25T17:53:23.531Z,0.0.1524739,0.0.9296478,235,ERROR,max attempts of 10 was reached for request with last error being: GrpcServiceError: gRPC service failed with: Status: TIMEOUT, Code: 17
2025-07-25T17:55:03.598Z,0.0.7191408,0.0.9296478,236,ERROR,max attempts of 10 was reached for request with last error being: GrpcServiceError: gRPC service failed with: Status: TIMEOUT, Code: 17
2025-07-25T17:56:43.666Z,0.0.7811830,0.0.9296478,237,ERROR,max attempts of 10 was reached for request with last error being: GrpcServiceError: gRPC service failed with: Status: TIMEOUT, Code: 17
2025-07-25T17:58:43.445Z,0.0.946633,0.0.9296478,238,SUCCESS
2025-07-25T17:59:19.310Z,0.0.4758385,0.0.9296478,239,SUCCESS
2025-07-25T18:00:19.976Z,0.0.1097530,0.0.9296478,240,ERROR,max attempts of 10 was reached for request with last error being: BUSY
2025-07-25T18:01:20.584Z,0.0.813507,0.0.9296478,241,ERROR,max attempts of 10 was reached for request with last error being: BUSY
2025-07-25T18:02:24.870Z,0.0.445590,0.0.9296478,242,ERROR,max attempts of 10 was reached for request with last error being: BUSY
2025-07-25T18:03:45.396Z,0.0.3826476,0.0.9296478,243,ERROR,max attempts of 10 was reached for request with last error being: BUSY
2025-07-25T18:04:57.121Z,0.0.502561,0.0.9296478,244,ERROR,max attempts of 10 was reached for request with last error being: BUSY
2025-07-25T18:05:56.681Z,0.0.4641568,0.0.9296478,245,ERROR,max attempts of 10 was reached for request with last error being: BUSY
2025-07-25T18:07:24.296Z,0.0.568040,0.0.9296478,246,ERROR,max attempts of 10 was reached for request with last error being: BUSY
2025-07-25T18:08:11.501Z,0.0.634576,0.0.9296478,247,SUCCESS
2025-07-25T18:08:43.567Z,0.0.512044,0.0.9296478,248,SUCCESS
2025-07-25T18:09:48.672Z,0.0.4701500,0.0.9296478,249,ERROR,max attempts of 10 was reached for request with last error being: BUSY
2025-07-25T18:10:48.457Z,0.0.836658,0.0.9296478,250,ERROR,max attempts of 10 was reached for request with last error being: BUSY
2025-07-25T18:11:50.378Z,0.0.973889,0.0.9296478,251,ERROR,max attempts of 10 was reached for request with last error being: BUSY
2025-07-25T18:12:06.060Z,0.0.4496602,0.0.9296478,252,SUCCESS
2025-07-25T18:13:38.876Z,0.0.1116974,0.0.9296478,253,ERROR,max attempts of 10 was reached for request with last error being: BUSY
2025-07-25T18:13:45.322Z,0.0.7840939,0.0.9296478,254,SUCCESS
2025-07-25T18:13:53.200Z,0.0.7807171,0.0.9296478,255,ERROR,receipt for transaction 0.0.9194364@1753467223.531116141 contained error status TOKEN_NOT_ASSOCIATED_TO_ACCOUNT
2025-07-25T18:15:04.006Z,0.0.3922437,0.0.9296478,256,ERROR,max attempts of 10 was reached for request with last error being: BUSY
2025-07-25T18:16:07.432Z,0.0.1433899,0.0.9296478,257,ERROR,max attempts of 10 was reached for request with last error being: BUSY
2025-07-25T18:16:58.124Z,0.0.765351,0.0.9296478,258,ERROR,max attempts of 10 was reached for request with last error being: BUSY
2025-07-25T18:18:17.907Z,0.0.3760539,0.0.9296478,259,ERROR,max attempts of 10 was reached for request with last error being: BUSY
2025-07-25T18:20:19.351Z,0.0.1477725,0.0.9296478,260,ERROR,max attempts of 10 was reached for request with last error being: BUSY
2025-07-25T18:21:13.429Z,0.0.4904643,0.0.9296478,261,ERROR,max attempts of 10 was reached for request with last error being: BUSY
2025-07-25T18:21:34.739Z,0.0.1097012,0.0.9296478,262,SUCCESS
2025-07-25T18:22:36.860Z,0.0.2187119,0.0.9296478,263,ERROR,max attempts of 10 was reached for request with last error being: BUSY
2025-07-25T18:23:44.608Z,0.0.1116944,0.0.9296478,264,ERROR,max attempts of 10 was reached for request with last error being: BUSY
2025-07-25T18:23:53.225Z,0.0.5704457,0.0.9296478,265,ERROR,receipt for transaction 0.0.9194364@1753467823.841044658 contained error status TOKEN_NOT_ASSOCIATED_TO_ACCOUNT
2025-07-25T18:24:00.979Z,0.0.7849945,0.0.9296478,266,ERROR,receipt for transaction 0.0.9194364@1753467827.030869086 contained error status TOKEN_NOT_ASSOCIATED_TO_ACCOUNT
2025-07-25T18:25:00.486Z,0.0.7842795,0.0.9296478,267,ERROR,max attempts of 10 was reached for request with last error being: BUSY
2025-07-25T18:26:00.632Z,0.0.4573890,0.0.9296478,268,ERROR,receipt for transaction 0.0.9194364@1753467947.423478221 contained error status INVALID_NFT_ID
2025-07-25T18:36:13.716Z,0.0.845476,0.0.9296478,1,ERROR,max attempts of 10 was reached for request with last error being: BUSY
2025-07-25T18:37:16.478Z,0.0.8142971,0.0.9296478,2,ERROR,max attempts of 10 was reached for request with last error being: BUSY
2025-07-25T18:38:24.101Z,0.0.832190,0.0.9296478,3,ERROR,max attempts of 10 was reached for request with last error being: BUSY
2025-07-25T18:38:28.486Z,0.0.8180616,0.0.9296478,4,ERROR,receipt for transaction 0.0.9194364@1753468697.706136174 contained error status TOKEN_NOT_ASSOCIATED_TO_ACCOUNT
2025-07-25T18:39:40.448Z,0.0.7900973,0.0.9296478,5,ERROR,max attempts of 10 was reached for request with last error being: BUSY
2025-07-25T18:40:08.708Z,0.0.3927125,0.0.9296478,6,SKIPPED
2025-07-25T18:41:19.193Z,0.0.4318040,0.0.9296478,7,ERROR,receipt for transaction 0.0.9194364@1753468866.830852312 contained error status SENDER_DOES_NOT_OWN_NFT_SERIAL_NO
2025-07-25T18:41:25.570Z,0.0.4923080,0.0.9296478,8,ERROR,receipt for transaction 0.0.9194364@1753468876.302487918 contained error status TOKEN_NOT_ASSOCIATED_TO_ACCOUNT
2025-07-25T18:44:55.872Z,0.0.845476,0.0.9296478,1,SKIPPED
2025-07-25T18:46:42.360Z,0.0.8142971,0.0.9296478,2,SKIPPED
2025-07-25T18:46:55.875Z,0.0.832190,0.0.9296478,3,ERROR,transaction 0.0.9194364@1753469211.957028899 failed precheck with status INVALID_TRANSACTION_START against node account id 0.0.32
2025-07-25T18:47:15.189Z,0.0.8180616,0.0.9296478,4,ERROR,receipt for transaction 0.0.9194364@1753469223.701108444 contained error status TOKEN_NOT_ASSOCIATED_TO_ACCOUNT
2025-07-25T18:48:22.337Z,0.0.7900973,0.0.9296478,5,ERROR,receipt for transaction 0.0.9194364@1753469291.356990740 contained error status NO_REMAINING_AUTOMATIC_ASSOCIATIONS
2025-07-25T18:50:26.424Z,0.0.3927125,0.0.9296478,6,SKIPPED
2025-07-25T18:51:36.819Z,0.0.4318040,0.0.9296478,7,ERROR,receipt for transaction 0.0.9194364@1753469488.100939311 contained error status SENDER_DOES_NOT_OWN_NFT_SERIAL_NO
2025-07-25T18:52:09.138Z,0.0.4923080,0.0.9296478,8,ERROR,receipt for transaction 0.0.9194364@1753469521.209442055 contained error status TOKEN_NOT_ASSOCIATED_TO_ACCOUNT
2025-07-25T18:52:16.716Z,0.0.7763952,0.0.9296478,9,ERROR,receipt for transaction 0.0.9194364@1753469524.611226275 contained error status SENDER_DOES_NOT_OWN_NFT_SERIAL_NO
2025-07-25T19:00:34.154Z,0.0.4870694,0.0.9296478,1,SKIPPED
2025-07-25T19:01:50.312Z,0.0.8160892,0.0.9296478,2,ERROR,receipt for transaction 0.0.9194364@1753470097.469628323 contained error status TOKEN_NOT_ASSOCIATED_TO_ACCOUNT
2025-07-25T19:01:56.824Z,0.0.7991798,0.0.9296478,3,ERROR,receipt for transaction 0.0.9194364@1753470105.201099786 contained error status TOKEN_NOT_ASSOCIATED_TO_ACCOUNT
2025-07-25T19:07:17.169Z,0.0.326826,0.0.9296478,4,ERROR,Query failed after 5 attempts
2025-07-25T19:09:30.770Z,0.0.845476,0.0.9296478,5,SKIPPED
2025-07-25T19:11:47.526Z,0.0.832190,0.0.9296478,6,ERROR,max attempts of 10 was reached for request with last error being: BUSY
2025-07-25T19:11:52.471Z,0.0.8180616,0.0.9296478,7,ERROR,receipt for transaction 0.0.9194364@1753470701.620168142 contained error status TOKEN_NOT_ASSOCIATED_TO_ACCOUNT
2025-07-25T19:12:49.891Z,0.0.7900973,0.0.9296478,8,ERROR,receipt for transaction 0.0.9194364@1753470759.252770589 contained error status NO_REMAINING_AUTOMATIC_ASSOCIATIONS
2025-07-25T19:13:09.793Z,0.0.4318040,0.0.9296478,9,SUCCESS
2025-07-25T19:13:15.529Z,0.0.4923080,0.0.9296478,10,ERROR,receipt for transaction 0.0.9194364@1753470786.117092026 contained error status TOKEN_NOT_ASSOCIATED_TO_ACCOUNT
2025-07-25T19:14:24.086Z,0.0.7763952,0.0.9296478,11,ERROR,max attempts of 10 was reached for request with last error being: BUSY
2025-07-25T19:16:00.032Z,0.0.1285385,0.0.9296478,12,ERROR,max attempts of 10 was reached for request with last error being: BUSY
2025-07-25T19:18:04.616Z,0.0.6050,0.0.9296478,13,SKIPPED
2025-07-25T19:20:25.020Z,0.0.7715516,0.0.9296478,14,ERROR,receipt for transaction 0.0.9194364@1753471215.025708933 contained error status TOKEN_NOT_ASSOCIATED_TO_ACCOUNT
2025-07-25T19:21:27.759Z,0.0.4591759,0.0.9296478,15,SKIPPED
2025-07-25T19:23:38.318Z,0.0.4812294,0.0.9296478,16,ERROR,max attempts of 10 was reached for request with last error being: BUSY
2025-07-25T19:23:45.825Z,0.0.4350275,0.0.9296478,17,ERROR,receipt for transaction 0.0.9194364@1753471413.006395999 contained error status TOKEN_NOT_ASSOCIATED_TO_ACCOUNT
2025-07-25T19:25:58.171Z,0.0.939841,0.0.9296478,18,ERROR,max attempts of 10 was reached for request with last error being: BUSY
2025-07-25T19:27:04.437Z,0.0.973559,0.0.9296478,19,SUCCESS
2025-07-25T19:29:32.447Z,0.0.1036366,0.0.9296478,20,ERROR,max attempts of 10 was reached for request with last error being: BUSY
2025-07-25T19:31:35.745Z,0.0.454804,0.0.9296478,21,ERROR,max attempts of 10 was reached for request with last error being: BUSY
2025-07-25T19:31:51.880Z,0.0.8181593,0.0.9296478,22,ERROR,receipt for transaction 0.0.9194364@1753471903.097864047 contained error status TOKEN_NOT_ASSOCIATED_TO_ACCOUNT
2025-07-25T19:32:31.918Z,0.0.1421971,0.0.9296478,23,SKIPPED
2025-07-25T19:34:06.064Z,0.0.7969577,0.0.9296478,24,ERROR,receipt for transaction 0.0.9194364@1753472038.031890586 contained error status TOKEN_NOT_ASSOCIATED_TO_ACCOUNT
2025-07-25T19:40:23.129Z,0.0.4870694,0.0.9296478,1,SKIPPED
2025-07-25T19:42:23.257Z,0.0.326826,0.0.9296478,2,SKIPPED
2025-07-25T19:43:21.039Z,0.0.845476,0.0.9296478,3,SKIPPED
2025-07-25T19:44:50.153Z,undefined,0.0.9296478,1,ERROR,Cannot read properties of undefined (reading 'clone')
2025-07-25T19:50:57.356Z,0.0.4870694,0.0.9296478,1,SKIPPED
2025-07-25T19:53:57.132Z,0.0.4870694,0.0.9296478,0,SKIPPED
2025-07-25T19:55:29.949Z,0.0.4870694,0.0.9296478,2,SKIPPED
2025-07-25T19:56:11.520Z,0.0.8160892,0.0.9296478,5,ERROR,receipt for transaction 0.0.9194364@1753473360.773808760 contained error status TOKEN_NOT_ASSOCIATED_TO_ACCOUNT
2025-07-25T20:00:03.454Z,0.0.4870694,0.0.9296478,2,SKIPPED
2025-07-25T20:00:20.479Z,0.0.8160892,0.0.9296478,2,ERROR,receipt for transaction 0.0.9194364@1753473608.091182841 contained error status TOKEN_NOT_ASSOCIATED_TO_ACCOUNT
2025-07-25T20:00:36.688Z,0.0.7991798,0.0.9296478,2,ERROR,receipt for transaction 0.0.9194364@1753473626.189290977 contained error status TOKEN_NOT_ASSOCIATED_TO_ACCOUNT
2025-07-25T20:00:57.329Z,0.0.326826,0.0.9296478,2,SKIPPED
2025-07-25T20:02:01.874Z,0.0.845476,0.0.9296478,2,SKIPPED
2025-07-25T20:02:03.090Z,0.0.8142971,0.0.9296478,2,SKIPPED
2025-07-25T20:03:39.518Z,0.0.832190,0.0.9296478,2,SKIPPED
2025-07-25T20:03:55.391Z,0.0.8180616,0.0.9296478,2,ERROR,receipt for transaction 0.0.9194364@1753473826.619631976 contained error status TOKEN_NOT_ASSOCIATED_TO_ACCOUNT
2025-07-25T20:05:04.079Z,0.0.7900973,0.0.9296478,2,ERROR,receipt for transaction 0.0.9194364@1753473891.582092214 contained error status NO_REMAINING_AUTOMATIC_ASSOCIATIONS
2025-07-25T20:06:12.022Z,0.0.3927125,0.0.9296478,2,SKIPPED
2025-07-25T20:10:17.638Z,0.0.4318040,0.0.9296478,2,ERROR,max attempts of 10 was reached for request with last error being: GrpcServiceError: gRPC service failed with: Status: TIMEOUT, Code: 17
2025-07-25T20:10:23.575Z,0.0.4923080,0.0.9296478,2,ERROR,receipt for transaction 0.0.9194364@1753474210.962381199 contained error status TOKEN_NOT_ASSOCIATED_TO_ACCOUNT
2025-07-25T20:12:20.464Z,0.0.7763952,0.0.9296478,2,SKIPPED
2025-07-25T20:13:29.742Z,0.0.1285385,0.0.9296478,2,SKIPPED
2025-07-25T20:13:31.600Z,0.0.8152485,0.0.9296478,2,SKIPPED
2025-07-25T20:15:17.503Z,0.0.4595969,0.0.9296478,2,SKIPPED
2025-07-25T20:17:02.538Z,0.0.1704972,0.0.9296478,2,SKIPPED
2025-07-25T20:18:47.453Z,0.0.6050,0.0.9296478,2,SKIPPED
2025-07-25T20:19:18.231Z,0.0.7715516,0.0.9296478,2,ERROR,receipt for transaction 0.0.9194364@1753474750.559697806 contained error status TOKEN_NOT_ASSOCIATED_TO_ACCOUNT
2025-07-25T20:20:40.829Z,0.0.458059,0.0.9296478,2,SKIPPED
2025-07-25T20:22:50.875Z,0.0.4591759,0.0.9296478,2,SKIPPED
2025-07-25T20:27:13.748Z,0.0.4812294,0.0.9296478,2,SKIPPED
2025-07-25T20:28:41.160Z,0.0.4350275,0.0.9296478,2,ERROR,receipt for transaction 0.0.9194364@1753475308.541800576 contained error status TOKEN_NOT_ASSOCIATED_TO_ACCOUNT
2025-07-25T20:29:00.093Z,0.0.7785180,0.0.9296478,2,SKIPPED
2025-07-25T20:29:02.889Z,0.0.4324445,0.0.9296478,2,SKIPPED
2025-07-25T20:29:06.253Z,0.0.939841,0.0.9296478,2,SKIPPED
2025-07-25T20:30:12.630Z,0.0.973559,0.0.9296478,2,SKIPPED
2025-07-25T20:30:25.241Z,0.0.1036366,0.0.9296478,2,SKIPPED
2025-07-25T20:31:44.994Z,0.0.454804,0.0.9296478,2,SKIPPED
2025-07-25T20:31:50.333Z,0.0.8181593,0.0.9296478,2,ERROR,receipt for transaction 0.0.9194364@1753475499.909752277 contained error status TOKEN_NOT_ASSOCIATED_TO_ACCOUNT
2025-07-25T20:32:01.457Z,0.0.7222630,0.0.9296478,2,SKIPPED
2025-07-25T20:32:30.088Z,0.0.1421971,0.0.9296478,2,SKIPPED
2025-07-25T20:32:37.549Z,0.0.7969577,0.0.9296478,2,ERROR,receipt for transaction 0.0.9194364@1753475545.257227302 contained error status TOKEN_NOT_ASSOCIATED_TO_ACCOUNT
2025-07-25T20:35:46.642Z,0.0.7749411,0.0.9296478,2,SUCCESS
2025-07-25T20:37:50.270Z,0.0.1468174,0.0.9296478,5,ERROR,max attempts of 10 was reached for request with last error being: GrpcServiceError: gRPC service failed with: Status: TIMEOUT, Code: 17
2025-07-25T20:39:22.175Z,0.0.663924,0.0.9296478,5,SUCCESS
2025-07-25T20:39:50.793Z,0.0.7483944,0.0.9296478,7,ERROR,receipt for transaction 0.0.9194364@1753475981.010593316 contained error status TOKEN_NOT_ASSOCIATED_TO_ACCOUNT
2025-07-25T20:40:37.908Z,0.0.5475481,0.0.9296478,7,ERROR,receipt for transaction 0.0.9194364@1753476025.465277508 contained error status TOKEN_NOT_ASSOCIATED_TO_ACCOUNT
2025-07-25T20:42:38.511Z,0.0.4318142,0.0.9296478,7,SUCCESS
2025-07-25T20:43:43.911Z,0.0.725455,0.0.9296478,8,SUCCESS
2025-07-25T20:43:47.585Z,0.0.7863693,0.0.9296478,9,SKIPPED
2025-07-25T20:43:54.724Z,0.0.4364980,0.0.9296478,9,ERROR,receipt for transaction 0.0.9194364@1753476224.063856408 contained error status TOKEN_NOT_ASSOCIATED_TO_ACCOUNT
2025-07-25T20:45:27.804Z,0.0.7770246,0.0.9296478,9,SUCCESS
2025-07-25T20:45:30.085Z,0.0.1360162,0.0.9296478,12,SKIPPED
2025-07-25T20:46:27.711Z,0.0.3965809,0.0.9296478,12,SKIPPED
2025-07-25T20:46:33.840Z,0.0.2773436,0.0.9296478,12,SKIPPED
2025-07-25T20:46:41.971Z,0.0.40216,0.0.9296478,12,ERROR,receipt for transaction 0.0.9194364@1753476392.524425404 contained error status TOKEN_NOT_ASSOCIATED_TO_ACCOUNT
2025-07-25T20:47:05.949Z,0.0.1911303,0.0.9296478,12,ERROR,receipt for transaction 0.0.9194364@1753476417.662514872 contained error status NO_REMAINING_AUTOMATIC_ASSOCIATIONS
2025-07-25T20:48:58.586Z,0.0.643909,0.0.9296478,12,ERROR,max attempts of 10 was reached for request with last error being: GrpcServiceError: gRPC service failed with: Status: UNAVAILABLE, Code: 14: Received HTTP status code 503
2025-07-25T20:49:04.668Z,0.0.864216,0.0.9296478,12,SKIPPED
2025-07-25T20:50:43.036Z,0.0.1018824,0.0.9296478,12,ERROR,receipt for transaction 0.0.9194364@1753476634.294668522 contained error status TOKEN_NOT_ASSOCIATED_TO_ACCOUNT
2025-07-25T20:51:39.564Z,0.0.1314552,0.0.9296478,12,SKIPPED
2025-07-25T20:51:49.862Z,0.0.509518,0.0.9296478,12,SKIPPED
2025-07-25T20:52:49.804Z,0.0.4695025,0.0.9296478,12,ERROR,receipt for transaction 0.0.9194364@1753476758.476956957 contained error status TOKEN_NOT_ASSOCIATED_TO_ACCOUNT
2025-07-25T20:55:13.756Z,0.0.4312340,0.0.9296478,12,SUCCESS
2025-07-25T20:56:48.264Z,0.0.3304005,0.0.9296478,13,ERROR,receipt for transaction 0.0.9194364@1753476996.150495280 contained error status TOKEN_NOT_ASSOCIATED_TO_ACCOUNT
2025-07-25T20:56:50.138Z,0.0.8013770,0.0.9296478,13,SKIPPED
2025-07-25T20:57:13.349Z,0.0.7964752,0.0.9296478,13,ERROR,receipt for transaction 0.0.9194364@1753477022.817199202 contained error status TOKEN_NOT_ASSOCIATED_TO_ACCOUNT
2025-07-25T21:00:25.533Z,0.0.7939731,0.0.9296478,13,ERROR,max attempts of 10 was reached for request with last error being: GrpcServiceError: gRPC service failed with: Status: TIMEOUT, Code: 17
2025-07-25T21:01:38.759Z,0.0.4912708,0.0.9296478,13,ERROR,receipt for transaction 0.0.9194364@1753477288.133946647 contained error status TOKEN_NOT_ASSOCIATED_TO_ACCOUNT
2025-07-25T21:06:23.673Z,0.0.1404401,0.0.9296478,13,ERROR,Query failed after 5 attempts
2025-07-25T21:08:34.773Z,0.0.3968150,0.0.9296478,13,SKIPPED
2025-07-25T21:09:48.038Z,0.0.7060192,0.0.9296478,13,ERROR,receipt for transaction 0.0.9194364@1753477778.020577533 contained error status NO_REMAINING_AUTOMATIC_ASSOCIATIONS
2025-07-25T21:09:49.713Z,0.0.4340074,0.0.9296478,13,SKIPPED
2025-07-25T21:11:08.375Z,0.0.1470278,0.0.9296478,13,SKIPPED
2025-07-25T21:16:20.258Z,0.0.4178198,0.0.9296478,13,ERROR,Query failed after 5 attempts
2025-07-25T21:16:29.631Z,0.0.4615531,0.0.9296478,13,ERROR,receipt for transaction 0.0.9194364@1753478179.668859178 contained error status TOKEN_NOT_ASSOCIATED_TO_ACCOUNT
2025-07-25T21:16:48.168Z,0.0.5171340,0.0.9296478,13,SKIPPED
2025-07-25T21:18:41.441Z,0.0.3048854,0.0.9296478,13,ERROR,receipt for transaction 0.0.9194364@1753478307.793278010 contained error status SENDER_DOES_NOT_OWN_NFT_SERIAL_NO
2025-07-25T21:19:58.412Z,0.0.7155902,0.0.9296478,13,ERROR,receipt for transaction 0.0.9194364@1753478387.352471629 contained error status SENDER_DOES_NOT_OWN_NFT_SERIAL_NO
2025-07-25T21:20:08.178Z,0.0.832543,0.0.9296478,13,ERROR,receipt for transaction 0.0.9194364@1753478398.632389277 contained error status TOKEN_NOT_ASSOCIATED_TO_ACCOUNT
2025-07-25T21:20:51.444Z,0.0.8174246,0.0.9296478,13,SKIPPED
2025-07-25T21:21:22.094Z,0.0.1475262,0.0.9296478,13,SKIPPED
2025-07-25T21:22:33.018Z,0.0.4211429,0.0.9296478,13,ERROR,receipt for transaction 0.0.9194364@1753478541.620288013 contained error status TOKEN_NOT_ASSOCIATED_TO_ACCOUNT
2025-07-25T21:23:12.340Z,0.0.1200616,0.0.9296478,13,ERROR,receipt for transaction 0.0.9194364@1753478580.786707843 contained error status SENDER_DOES_NOT_OWN_NFT_SERIAL_NO
2025-07-25T21:24:22.736Z,0.0.1425321,0.0.9296478,13,ERROR,receipt for transaction 0.0.9194364@1753478652.434331345 contained error status SENDER_DOES_NOT_OWN_NFT_SERIAL_NO
2025-07-25T21:24:33.950Z,0.0.4958794,0.0.9296478,13,SKIPPED
2025-07-25T21:25:04.776Z,0.0.8143157,0.0.9296478,13,ERROR,receipt for transaction 0.0.9194364@1753478696.168121811 contained error status TOKEN_NOT_ASSOCIATED_TO_ACCOUNT
2025-07-25T21:27:18.691Z,0.0.3096877,0.0.9296478,13,ERROR,receipt for transaction 0.0.9194364@1753478827.350408376 contained error status SENDER_DOES_NOT_OWN_NFT_SERIAL_NO
2025-07-25T21:32:19.939Z,0.0.4275917,0.0.9296478,13,ERROR,Query failed after 5 attempts
2025-07-25T21:34:43.581Z,0.0.2175236,0.0.9296478,13,ERROR,receipt for transaction 0.0.9194364@1753479272.202405381 contained error status TOKEN_NOT_ASSOCIATED_TO_ACCOUNT
2025-07-25T21:36:47.683Z,0.0.790788,0.0.9296478,13,SKIPPED
2025-07-25T21:36:55.678Z,0.0.1085174,0.0.9296478,13,ERROR,receipt for transaction 0.0.9194364@1753479403.540503727 contained error status NO_REMAINING_AUTOMATIC_ASSOCIATIONS
2025-07-25T21:37:09.799Z,0.0.4366157,0.0.9296478,13,ERROR,receipt for transaction 0.0.9194364@1753479422.516509415 contained error status SENDER_DOES_NOT_OWN_NFT_SERIAL_NO
2025-07-25T21:37:17.353Z,0.0.1786185,0.0.9296478,13,SKIPPED
2025-07-25T21:39:15.164Z,0.0.982545,0.0.9296478,13,ERROR,receipt for transaction 0.0.9194364@1753479543.788941566 contained error status TOKEN_NOT_ASSOCIATED_TO_ACCOUNT
2025-07-25T21:41:02.487Z,0.0.1337958,0.0.9296478,13,SKIPPED
2025-07-25T21:41:10.315Z,0.0.4607653,0.0.9296478,13,SKIPPED
2025-07-25T21:42:17.278Z,0.0.8143745,0.0.9296478,13,ERROR,receipt for transaction 0.0.9194364@1753479725.602463855 contained error status TOKEN_NOT_ASSOCIATED_TO_ACCOUNT
2025-07-25T21:44:22.936Z,0.0.3274648,0.0.9296478,13,ERROR,receipt for transaction 0.0.9194364@1753479854.937117696 contained error status TOKEN_NOT_ASSOCIATED_TO_ACCOUNT
2025-07-25T21:46:20.716Z,0.0.1295194,0.0.9296478,13,ERROR,receipt for transaction 0.0.9194364@1753479969.804568276 contained error status SENDER_DOES_NOT_OWN_NFT_SERIAL_NO
2025-07-25T21:46:26.722Z,0.0.4957513,0.0.9296478,13,ERROR,receipt for transaction 0.0.9194364@1753479974.404161134 contained error status TOKEN_NOT_ASSOCIATED_TO_ACCOUNT
2025-07-25T21:46:49.754Z,0.0.8131324,0.0.9296478,13,ERROR,receipt for transaction 0.0.9194364@1753479997.933147440 contained error status TOKEN_NOT_ASSOCIATED_TO_ACCOUNT
2025-07-25T21:47:28.347Z,0.0.3965045,0.0.9296478,13,SKIPPED
2025-07-25T21:48:09.437Z,0.0.8102310,0.0.9296478,13,ERROR,receipt for transaction 0.0.9194364@1753480079.091541585 contained error status SENDER_DOES_NOT_OWN_NFT_SERIAL_NO
2025-07-25T21:48:15.887Z,0.0.1071561,0.0.9296478,13,ERROR,receipt for transaction 0.0.9194364@1753480087.740171198 contained error status TOKEN_NOT_ASSOCIATED_TO_ACCOUNT
2025-07-25T21:49:29.294Z,0.0.7848161,0.0.9296478,13,ERROR,receipt for transaction 0.0.9194364@1753480158.828083336 contained error status SENDER_DOES_NOT_OWN_NFT_SERIAL_NO
2025-07-25T21:50:32.926Z,0.0.4046889,0.0.9296478,13,ERROR,receipt for transaction 0.0.9194364@1753480223.435926516 contained error status SENDER_DOES_NOT_OWN_NFT_SERIAL_NO
2025-07-25T21:52:25.267Z,0.0.5570978,0.0.9296478,13,SKIPPED
2025-07-25T21:53:40.892Z,0.0.2103926,0.0.9296478,13,ERROR,receipt for transaction 0.0.9194364@1753480408.969387040 contained error status TOKEN_NOT_ASSOCIATED_TO_ACCOUNT
2025-07-25T21:53:50.616Z,0.0.3971395,0.0.9296478,13,ERROR,receipt for transaction 0.0.9194364@1753480422.886521917 contained error status TOKEN_NOT_ASSOCIATED_TO_ACCOUNT
2025-07-25T21:56:02.410Z,0.0.8147681,0.0.9296478,13,SKIPPED
2025-07-25T21:56:07.924Z,0.0.3169359,0.0.9296478,13,SKIPPED
2025-07-25T21:56:20.772Z,0.0.1035628,0.0.9296478,13,ERROR,receipt for transaction 0.0.9194364@1753480569.481009288 contained error status SENDER_DOES_NOT_OWN_NFT_SERIAL_NO
2025-07-25T21:56:35.083Z,0.0.7948676,0.0.9296478,13,ERROR,receipt for transaction 0.0.9194364@1753480585.833561208 contained error status TOKEN_NOT_ASSOCIATED_TO_ACCOUNT
2025-07-25T21:58:34.445Z,0.0.792532,0.0.9296478,13,SKIPPED
2025-07-25T21:59:29.793Z,0.0.8158611,0.0.9296478,13,SKIPPED
2025-07-25T22:01:04.292Z,0.0.4361012,0.0.9296478,13,ERROR,receipt for transaction 0.0.9194364@1753480853.859664608 contained error status TOKEN_NOT_ASSOCIATED_TO_ACCOUNT
2025-07-25T22:01:09.874Z,0.0.6068342,0.0.9296478,13,SKIPPED
2025-07-25T22:01:13.831Z,0.0.7821112,0.0.9296478,13,SKIPPED
2025-07-25T22:06:17.589Z,0.0.3168883,0.0.9296478,13,ERROR,Query failed after 5 attempts
2025-07-25T22:06:44.445Z,0.0.3041089,0.0.9296478,13,SKIPPED
2025-07-25T22:07:21.545Z,0.0.8146757,0.0.9296478,13,SKIPPED
2025-07-25T22:08:22.727Z,0.0.5765172,0.0.9296478,13,ERROR,receipt for transaction 0.0.9194364@1753481290.361378579 contained error status TOKEN_NOT_ASSOCIATED_TO_ACCOUNT
2025-07-25T22:13:16.231Z,0.0.3167151,0.0.9296478,13,ERROR,Query failed after 5 attempts
2025-07-25T22:13:20.146Z,0.0.1708350,0.0.9296478,13,SKIPPED
2025-07-25T22:14:35.220Z,0.0.4369328,0.0.9296478,13,ERROR,receipt for transaction 0.0.9194364@1753481661.226668744 contained error status TOKEN_NOT_ASSOCIATED_TO_ACCOUNT
2025-07-25T22:15:51.805Z,0.0.2061956,0.0.9296478,13,ERROR,receipt for transaction 0.0.9194364@1753481742.873472450 contained error status TOKEN_NOT_ASSOCIATED_TO_ACCOUNT
2025-07-25T22:16:08.278Z,0.0.904237,0.0.9296478,13,ERROR,receipt for transaction 0.0.9194364@1753481758.905998406 contained error status SENDER_DOES_NOT_OWN_NFT_SERIAL_NO
2025-07-25T22:16:19.420Z,0.0.1380166,0.0.9296478,13,ERROR,receipt for transaction 0.0.9194364@1753481766.035125162 contained error status TOKEN_NOT_ASSOCIATED_TO_ACCOUNT
2025-07-25T22:17:42.141Z,0.0.965330,0.0.9296478,13,SKIPPED
2025-07-25T22:17:56.724Z,0.0.2189289,0.0.9296478,13,ERROR,receipt for transaction 0.0.9194364@1753481861.454211491 contained error status TOKEN_NOT_ASSOCIATED_TO_ACCOUNT
2025-07-25T22:18:09.610Z,0.0.4315388,0.0.9296478,13,ERROR,receipt for transaction 0.0.9194364@1753481877.312778541 contained error status TOKEN_NOT_ASSOCIATED_TO_ACCOUNT
2025-07-25T22:18:33.146Z,0.0.3802249,0.0.9296478,13,ERROR,receipt for transaction 0.0.9194364@1753481900.869341722 contained error status SENDER_DOES_NOT_OWN_NFT_SERIAL_NO
2025-07-25T22:18:48.330Z,0.0.4273349,0.0.9296478,13,ERROR,receipt for transaction 0.0.9194364@1753481919.138065217 contained error status SENDER_DOES_NOT_OWN_NFT_SERIAL_NO
2025-07-25T22:18:55.373Z,0.0.4337846,0.0.9296478,13,ERROR,receipt for transaction 0.0.9194364@1753481925.837943628 contained error status TOKEN_NOT_ASSOCIATED_TO_ACCOUNT
2025-07-25T22:18:58.528Z,0.0.3944724,0.0.9296478,13,SKIPPED
2025-07-25T22:24:00.388Z,0.0.4091984,0.0.9296478,13,ERROR,Query failed after 5 attempts
2025-07-25T22:24:08.140Z,0.0.5162300,0.0.9296478,13,ERROR,receipt for transaction 0.0.9194364@1753482236.819283086 contained error status SENDER_DOES_NOT_OWN_NFT_SERIAL_NO
2025-07-25T22:24:50.572Z,0.0.4308701,0.0.9296478,13,ERROR,receipt for transaction 0.0.9194364@1753482279.454840590 contained error status SENDER_DOES_NOT_OWN_NFT_SERIAL_NO
2025-07-25T22:26:17.007Z,0.0.7893421,0.0.9296478,13,ERROR,receipt for transaction 0.0.9194364@1753482367.535718118 contained error status SENDER_DOES_NOT_OWN_NFT_SERIAL_NO
2025-07-25T22:27:42.041Z,0.0.5195606,0.0.9296478,13,ERROR,receipt for transaction 0.0.9194364@1753482452.775075365 contained error status SENDER_DOES_NOT_OWN_NFT_SERIAL_NO
2025-07-25T22:27:48.901Z,0.0.4497797,0.0.9296478,13,SKIPPED
2025-07-25T22:28:14.206Z,0.0.4279368,0.0.9296478,13,ERROR,receipt for transaction 0.0.9194364@1753482483.804380768 contained error status SENDER_DOES_NOT_OWN_NFT_SERIAL_NO
2025-07-25T22:28:48.902Z,0.0.662983,0.0.9296478,13,SKIPPED
2025-07-25T22:28:57.427Z,0.0.7915722,0.0.9296478,13,ERROR,receipt for transaction 0.0.9194364@1753482528.835342996 contained error status SENDER_DOES_NOT_OWN_NFT_SERIAL_NO
2025-07-25T22:34:14.530Z,0.0.4355567,0.0.9296478,13,ERROR,Query failed after 5 attempts
2025-07-25T22:35:16.728Z,0.0.7577418,0.0.9296478,13,SKIPPED
2025-07-25T22:35:31.099Z,0.0.8059942,0.0.9296478,13,ERROR,receipt for transaction 0.0.9194364@1753482919.545850990 contained error status SENDER_DOES_NOT_OWN_NFT_SERIAL_NO
2025-07-25T22:35:48.241Z,0.0.6063096,0.0.9296478,13,ERROR,receipt for transaction 0.0.9194364@1753482936.058046277 contained error status SENDER_DOES_NOT_OWN_NFT_SERIAL_NO
2025-07-25T22:36:39.423Z,0.0.3161254,0.0.9296478,13,ERROR,receipt for transaction 0.0.9194364@1753482982.856615534 contained error status TOKEN_NOT_ASSOCIATED_TO_ACCOUNT
2025-07-25T22:37:23.266Z,0.0.586040,0.0.9296478,13,ERROR,receipt for transaction 0.0.9194364@1753483033.078833600 contained error status TOKEN_NOT_ASSOCIATED_TO_ACCOUNT
2025-07-25T22:38:33.363Z,0.0.3836035,0.0.9296478,13,ERROR,receipt for transaction 0.0.9194364@1753483100.264512527 contained error status TOKEN_NOT_ASSOCIATED_TO_ACCOUNT
2025-07-25T22:44:04.258Z,0.0.7907763,0.0.9296478,13,ERROR,Query failed after 5 attempts
2025-07-25T22:44:23.633Z,0.0.7980815,0.0.9296478,13,ERROR,receipt for transaction 0.0.9194364@1753483452.456074296 contained error status TOKEN_NOT_ASSOCIATED_TO_ACCOUNT
2025-07-25T22:46:09.283Z,0.0.7924085,0.0.9296478,13,SKIPPED
2025-07-25T22:46:50.979Z,0.0.7802114,0.0.9296478,13,ERROR,receipt for transaction 0.0.9194364@1753483602.910580490 contained error status SENDER_DOES_NOT_OWN_NFT_SERIAL_NO
2025-07-25T22:47:55.918Z,0.0.1348095,0.0.9296478,13,ERROR,max attempts of 10 was reached for request with last error being: GrpcServiceError: gRPC service failed with: Status: TIMEOUT, Code: 17
2025-07-25T22:48:07.056Z,0.0.1094369,0.0.9296478,13,ERROR,receipt for transaction 0.0.9194364@1753483675.168725833 contained error status SENDER_DOES_NOT_OWN_NFT_SERIAL_NO
2025-07-25T22:48:11.042Z,0.0.891499,0.0.9296478,13,SKIPPED
2025-07-25T22:48:19.777Z,0.0.7627197,0.0.9296478,13,ERROR,receipt for transaction 0.0.9194364@1753483687.586813431 contained error status TOKEN_NOT_ASSOCIATED_TO_ACCOUNT
2025-07-25T22:48:27.583Z,0.0.1357174,0.0.9296478,13,ERROR,receipt for transaction 0.0.9194364@1753483697.206322292 contained error status SENDER_DOES_NOT_OWN_NFT_SERIAL_NO
2025-07-25T22:49:17.404Z,0.0.793318,0.0.9296478,13,ERROR,receipt for transaction 0.0.9194364@1753483749.899766861 contained error status SENDER_DOES_NOT_OWN_NFT_SERIAL_NO
2025-07-25T22:50:20.887Z,0.0.996405,0.0.9296478,13,ERROR,receipt for transaction 0.0.9194364@1753483809.718446017 contained error status SENDER_DOES_NOT_OWN_NFT_SERIAL_NO
2025-07-25T22:55:13.635Z,0.0.6026822,0.0.9296478,13,ERROR,Query failed after 5 attempts
2025-07-25T22:55:19.364Z,0.0.499534,0.0.9296478,13,ERROR,receipt for transaction 0.0.9194364@1753484109.239583069 contained error status SENDER_DOES_NOT_OWN_NFT_SERIAL_NO
2025-07-25T22:55:53.203Z,0.0.779779,0.0.9296478,13,SKIPPED
2025-07-25T22:56:05.950Z,0.0.4576167,0.0.9296478,13,ERROR,receipt for transaction 0.0.9194364@1753484154.164461309 contained error status TOKEN_NOT_ASSOCIATED_TO_ACCOUNT
2025-07-25T22:57:57.491Z,0.0.6796315,0.0.9296478,13,ERROR,receipt for transaction 0.0.9194364@1753484266.321471610 contained error status TOKEN_NOT_ASSOCIATED_TO_ACCOUNT
2025-07-25T22:59:58.337Z,0.0.4561175,0.0.9296478,13,SKIPPED
2025-07-25T23:01:35.637Z,0.0.4253136,0.0.9296478,13,SKIPPED
2025-07-25T23:02:05.633Z,0.0.4843176,0.0.9296478,13,ERROR,receipt for transaction 0.0.9194364@1753484514.634437251 contained error status SENDER_DOES_NOT_OWN_NFT_SERIAL_NO
2025-07-25T23:02:10.946Z,0.0.8128931,0.0.9296478,13,ERROR,receipt for transaction 0.0.9194364@1753484522.175662918 contained error status TOKEN_NOT_ASSOCIATED_TO_ACCOUNT
2025-07-25T23:04:06.581Z,0.0.476700,0.0.9296478,13,SKIPPED
2025-07-25T23:04:12.925Z,0.0.8202645,0.0.9296478,13,ERROR,receipt for transaction 0.0.9194364@1753484643.780445551 contained error status TOKEN_NOT_ASSOCIATED_TO_ACCOUNT
2025-07-25T23:05:45.388Z,0.0.4432366,0.0.9296478,13,ERROR,receipt for transaction 0.0.9194364@1753484736.246782009 contained error status TOKEN_NOT_ASSOCIATED_TO_ACCOUNT
2025-07-25T23:06:38.195Z,0.0.791245,0.0.9296478,13,SKIPPED
2025-07-25T23:06:47.075Z,0.0.7131424,0.0.9296478,13,ERROR,receipt for transaction 0.0.9194364@1753484795.494820822 contained error status TOKEN_NOT_ASSOCIATED_TO_ACCOUNT
2025-07-25T23:08:42.190Z,0.0.4350595,0.0.9296478,13,SKIPPED
2025-07-25T23:08:51.716Z,0.0.1484720,0.0.9296478,13,SKIPPED
2025-07-25T23:10:34.768Z,0.0.1453734,0.0.9296478,13,ERROR,receipt for transaction 0.0.9194364@1753485023.076684748 contained error status SENDER_DOES_NOT_OWN_NFT_SERIAL_NO
2025-07-25T23:13:04.599Z,0.0.7601470,0.0.9296478,13,SKIPPED
2025-07-25T23:14:58.479Z,0.0.1269004,0.0.9296478,13,ERROR,receipt for transaction 0.0.9194364@1753485288.145446689 contained error status SENDER_DOES_NOT_OWN_NFT_SERIAL_NO
2025-07-25T23:15:05.308Z,0.0.4822391,0.0.9296478,13,ERROR,receipt for transaction 0.0.9194364@1753485293.807597103 contained error status TOKEN_NOT_ASSOCIATED_TO_ACCOUNT
2025-07-25T23:16:40.243Z,0.0.4355306,0.0.9296478,13,ERROR,receipt for transaction 0.0.9194364@1753485391.180762721 contained error status SENDER_DOES_NOT_OWN_NFT_SERIAL_NO
2025-07-25T23:18:01.889Z,0.0.7916,0.0.9296478,13,ERROR,receipt for transaction 0.0.9194364@1753485472.701141457 contained error status TOKEN_NOT_ASSOCIATED_TO_ACCOUNT
2025-07-25T23:18:37.516Z,0.0.4193066,0.0.9296478,13,SKIPPED
2025-07-25T23:19:46.179Z,0.0.683607,0.0.9296478,13,SKIPPED
2025-07-25T23:20:56.397Z,0.0.8201634,0.0.9296478,13,ERROR,receipt for transaction 0.0.9194364@1753485643.435108136 contained error status TOKEN_NOT_ASSOCIATED_TO_ACCOUNT
2025-07-25T23:21:29.646Z,0.0.5700356,0.0.9296478,13,ERROR,receipt for transaction 0.0.9194364@1753485676.815124917 contained error status SENDER_DOES_NOT_OWN_NFT_SERIAL_NO
2025-07-25T23:21:31.616Z,0.0.3687967,0.0.9296478,13,SKIPPED
2025-07-25T23:22:42.685Z,0.0.6002813,0.0.9296478,13,ERROR,receipt for transaction 0.0.9194364@1753485751.676394471 contained error status SENDER_DOES_NOT_OWN_NFT_SERIAL_NO
2025-07-25T23:24:00.770Z,0.0.6194066,0.0.9296478,13,ERROR,receipt for transaction 0.0.9194364@1753485832.823229894 contained error status TOKEN_NOT_ASSOCIATED_TO_ACCOUNT
2025-07-25T23:25:40.040Z,0.0.4615491,0.0.9296478,13,ERROR,receipt for transaction 0.0.9194364@1753485928.385604782 contained error status SENDER_DOES_NOT_OWN_NFT_SERIAL_NO
2025-07-25T23:25:47.515Z,0.0.3441589,0.0.9296478,13,ERROR,receipt for transaction 0.0.9194364@1753485936.748955521 contained error status SENDER_DOES_NOT_OWN_NFT_SERIAL_NO
2025-07-25T23:25:57.189Z,0.0.8209469,0.0.9296478,13,ERROR,receipt for transaction 0.0.9194364@1753485948.672543083 contained error status TOKEN_NOT_ASSOCIATED_TO_ACCOUNT
2025-07-25T23:26:22.549Z,0.0.3215432,0.0.9296478,13,ERROR,receipt for transaction 0.0.9194364@1753485970.730918509 contained error status SENDER_DOES_NOT_OWN_NFT_SERIAL_NO
2025-07-25T23:28:03.708Z,0.0.1478185,0.0.9296478,13,ERROR,receipt for transaction 0.0.9194364@1753486070.792741797 contained error status SENDER_DOES_NOT_OWN_NFT_SERIAL_NO
2025-07-25T23:28:34.364Z,0.0.4559235,0.0.9296478,13,ERROR,transaction 0.0.9194364@1753486110.496757387 failed precheck with status INVALID_TRANSACTION_START against node account id 0.0.32
2025-07-25T23:29:24.537Z,0.0.848305,0.0.9296478,13,ERROR,receipt for transaction 0.0.9194364@1753486154.201213359 contained error status SENDER_DOES_NOT_OWN_NFT_SERIAL_NO
2025-07-25T23:31:19.148Z,0.0.833323,0.0.9296478,13,ERROR,receipt for transaction 0.0.9194364@1753486267.363650298 contained error status SENDER_DOES_NOT_OWN_NFT_SERIAL_NO
2025-07-25T23:33:11.130Z,0.0.616721,0.0.9296478,13,ERROR,receipt for transaction 0.0.9194364@1753486380.530270937 contained error status SENDER_DOES_NOT_OWN_NFT_SERIAL_NO
2025-07-25T23:33:35.815Z,0.0.4858116,0.0.9296478,13,ERROR,receipt for transaction 0.0.9194364@1753486403.302469419 contained error status SENDER_DOES_NOT_OWN_NFT_SERIAL_NO
2025-07-25T23:33:44.755Z,0.0.7504500,0.0.9296478,13,SKIPPED
2025-07-25T23:33:56.627Z,0.0.5129884,0.0.9296478,13,SKIPPED
2025-07-25T23:34:03.464Z,0.0.7697229,0.0.9296478,13,ERROR,receipt for transaction 0.0.9194364@1753486433.345052501 contained error status TOKEN_NOT_ASSOCIATED_TO_ACCOUNT
2025-07-25T23:36:08.405Z,0.0.961733,0.0.9296478,13,ERROR,receipt for transaction 0.0.9194364@1753486558.259691234 contained error status SENDER_DOES_NOT_OWN_NFT_SERIAL_NO
2025-07-25T23:37:07.660Z,0.0.484985,0.0.9296478,13,ERROR,receipt for transaction 0.0.9194364@1753486617.735309792 contained error status SENDER_DOES_NOT_OWN_NFT_SERIAL_NO
2025-07-25T23:37:13.204Z,0.0.837878,0.0.9296478,13,ERROR,receipt for transaction 0.0.9194364@1753486622.688373471 contained error status TOKEN_NOT_ASSOCIATED_TO_ACCOUNT
2025-07-25T23:38:16.565Z,0.0.1120183,0.0.9296478,13,SKIPPED
2025-07-25T23:40:23.901Z,0.0.1080907,0.0.9296478,13,ERROR,Network connectivity issue: All nodes are unhealthy. Original node list: 0.0.20, 0.0.34, 0.0.7, 0.0.25, 0.0.21, 0.0.6, 0.0.15, 0.0.28, 0.0.32, 0.0.24, 0.0.29, 0.0.19, 0.0.23, 0.0.30, 0.0.31, 0.0.17, 0.0.9, 0.0.27, 0.0.13, 0.0.3, 0.0.22, 0.0.18, 0.0.10, 0.0.5
2025-07-25T23:40:48.694Z,0.0.1111866,0.0.9296478,13,ERROR,receipt for transaction 0.0.9194364@1753486835.661272815 contained error status TOKEN_NOT_ASSOCIATED_TO_ACCOUNT
2025-07-25T23:41:42.022Z,0.0.1742940,0.0.9296478,13,SKIPPED
2025-07-25T23:42:04.613Z,0.0.6447830,0.0.9296478,13,SKIPPED
2025-07-25T23:42:14.460Z,0.0.1097345,0.0.9296478,13,ERROR,receipt for transaction 0.0.9194364@1753486924.248939205 contained error status SENDER_DOES_NOT_OWN_NFT_SERIAL_NO
2025-07-25T23:42:24.757Z,0.0.1137113,0.0.9296478,13,ERROR,receipt for transaction 0.0.9194364@1753486934.867740661 contained error status TOKEN_NOT_ASSOCIATED_TO_ACCOUNT
2025-07-25T23:42:30.430Z,0.0.8190378,0.0.9296478,13,ERROR,receipt for transaction 0.0.9194364@1753486942.058105852 contained error status TOKEN_NOT_ASSOCIATED_TO_ACCOUNT
2025-07-25T23:42:49.997Z,0.0.5106932,0.0.9296478,13,SKIPPED
2025-07-25T23:43:01.011Z,0.0.8191634,0.0.9296478,13,ERROR,receipt for transaction 0.0.9194364@1753486970.698961378 contained error status TOKEN_NOT_ASSOCIATED_TO_ACCOUNT
2025-07-25T23:43:11.501Z,0.0.7907784,0.0.9296478,13,ERROR,receipt for transaction 0.0.9194364@1753486980.891723666 contained error status SENDER_DOES_NOT_OWN_NFT_SERIAL_NO
2025-07-25T23:43:31.610Z,0.0.7214534,0.0.9296478,13,ERROR,receipt for transaction 0.0.9194364@1753487002.456372608 contained error status TOKEN_NOT_ASSOCIATED_TO_ACCOUNT
2025-07-25T23:43:36.098Z,0.0.8165497,0.0.9296478,13,SKIPPED
2025-07-25T23:44:44.196Z,0.0.7210045,0.0.9296478,13,ERROR,receipt for transaction 0.0.9194364@1753487070.188626442 contained error status TOKEN_NOT_ASSOCIATED_TO_ACCOUNT
2025-07-25T23:49:38.636Z,0.0.1117018,0.0.9296478,13,ERROR,Query failed after 5 attempts
2025-07-25T23:49:42.133Z,0.0.8193911,0.0.9296478,13,SKIPPED
2025-07-25T23:49:43.291Z,0.0.8195929,0.0.9296478,13,SKIPPED
2025-07-25T23:51:52.513Z,0.0.5186347,0.0.9296478,13,ERROR,receipt for transaction 0.0.9194364@1753487504.358714403 contained error status SENDER_DOES_NOT_OWN_NFT_SERIAL_NO
2025-07-25T23:52:07.980Z,0.0.8033358,0.0.9296478,13,ERROR,receipt for transaction 0.0.9194364@1753487517.901804120 contained error status SENDER_DOES_NOT_OWN_NFT_SERIAL_NO
2025-07-25T23:53:59.957Z,0.0.699534,0.0.9296478,13,ERROR,receipt for transaction 0.0.9194364@1753487626.924343774 contained error status SENDER_DOES_NOT_OWN_NFT_SERIAL_NO
2025-07-25T23:54:40.871Z,0.0.7687902,0.0.9296478,13,ERROR,receipt for transaction 0.0.9194364@1753487670.987093983 contained error status SENDER_DOES_NOT_OWN_NFT_SERIAL_NO
2025-07-25T23:54:47.995Z,0.0.5146064,0.0.9296478,13,ERROR,receipt for transaction 0.0.9194364@1753487678.166291940 contained error status TOKEN_NOT_ASSOCIATED_TO_ACCOUNT
2025-07-25T23:57:00.436Z,0.0.975200,0.0.9296478,13,ERROR,receipt for transaction 0.0.9194364@1753487807.441041122 contained error status SENDER_DOES_NOT_OWN_NFT_SERIAL_NO
2025-07-25T23:58:10.468Z,0.0.5285066,0.0.9296478,13,ERROR,receipt for transaction 0.0.9194364@1753487878.573970327 contained error status TOKEN_NOT_ASSOCIATED_TO_ACCOUNT
2025-07-25T23:58:25.091Z,0.0.7377923,0.0.9296478,13,ERROR,receipt for transaction 0.0.9194364@1753487894.420800933 contained error status TOKEN_NOT_ASSOCIATED_TO_ACCOUNT
2025-07-25T23:58:34.094Z,0.0.8200296,0.0.9296478,13,ERROR,receipt for transaction 0.0.9194364@1753487902.555279115 contained error status TOKEN_NOT_ASSOCIATED_TO_ACCOUNT
2025-07-25T23:58:42.167Z,0.0.8202059,0.0.9296478,13,ERROR,receipt for transaction 0.0.9194364@1753487911.668063097 contained error status TOKEN_NOT_ASSOCIATED_TO_ACCOUNT
2025-07-25T23:58:48.084Z,0.0.8202230,0.0.9296478,13,ERROR,receipt for transaction 0.0.9194364@1753487915.802564518 contained error status TOKEN_NOT_ASSOCIATED_TO_ACCOUNT
2025-07-26T00:01:11.514Z,0.0.4554850,0.0.9296478,13,ERROR,receipt for transaction 0.0.9194364@1753488050.410278568 contained error status TOKEN_NOT_ASSOCIATED_TO_ACCOUNT
2025-07-26T00:02:01.119Z,0.0.692663,0.0.9296478,13,ERROR,receipt for transaction 0.0.9194364@1753488111.324220139 contained error status TOKEN_NOT_ASSOCIATED_TO_ACCOUNT
2025-07-26T00:02:08.768Z,0.0.8090434,0.0.9296478,13,ERROR,receipt for transaction 0.0.9194364@1753488114.834204452 contained error status TOKEN_NOT_ASSOCIATED_TO_ACCOUNT
2025-07-26T00:02:34.745Z,0.0.8090443,0.0.9296478,13,ERROR,receipt for transaction 0.0.9194364@1753488146.694960569 contained error status TOKEN_NOT_ASSOCIATED_TO_ACCOUNT
2025-07-26T00:02:42.941Z,0.0.3963486,0.0.9296478,13,SKIPPED
2025-07-26T00:02:53.232Z,0.0.8204923,0.0.9296478,13,ERROR,receipt for transaction 0.0.9194364@1753488164.324778223 contained error status TOKEN_NOT_ASSOCIATED_TO_ACCOUNT
2025-07-26T00:03:06.113Z,0.0.8205084,0.0.9296478,13,SKIPPED
2025-07-26T00:03:10.681Z,0.0.4325842,0.0.9296478,13,SKIPPED
2025-07-26T00:05:19.738Z,0.0.792890,0.0.9296478,13,ERROR,receipt for transaction 0.0.9194364@1753488309.067622628 contained error status TOKEN_NOT_ASSOCIATED_TO_ACCOUNT
2025-07-26T00:05:31.302Z,0.0.8207986,0.0.9296478,13,ERROR,receipt for transaction 0.0.9194364@1753488319.024843569 contained error status TOKEN_NOT_ASSOCIATED_TO_ACCOUNT
2025-07-26T00:05:33.805Z,0.0.3101147,0.0.9296478,13,SKIPPED
2025-07-26T00:07:10.059Z,0.0.1524739,0.0.9296478,13,SKIPPED
2025-07-26T00:07:21.179Z,0.0.7191408,0.0.9296478,13,ERROR,receipt for transaction 0.0.9194364@1753488432.295954496 contained error status SENDER_DOES_NOT_OWN_NFT_SERIAL_NO
2025-07-26T00:07:27.627Z,0.0.7811830,0.0.9296478,13,ERROR,receipt for transaction 0.0.9194364@1753488438.166700103 contained error status TOKEN_NOT_ASSOCIATED_TO_ACCOUNT
2025-07-26T00:07:55.061Z,0.0.946633,0.0.9296478,13,SKIPPED
2025-07-26T00:08:38.626Z,0.0.4758385,0.0.9296478,13,SKIPPED
2025-07-26T00:09:13.241Z,0.0.1097530,0.0.9296478,13,ERROR,receipt for transaction 0.0.9194364@1753488541.646596772 contained error status SENDER_DOES_NOT_OWN_NFT_SERIAL_NO
2025-07-26T00:13:57.511Z,0.0.813507,0.0.9296478,13,ERROR,Query failed after 5 attempts
2025-07-26T00:14:10.745Z,0.0.445590,0.0.9296478,13,ERROR,receipt for transaction 0.0.9194364@1753488841.041837894 contained error status SENDER_DOES_NOT_OWN_NFT_SERIAL_NO
2025-07-26T00:14:38.107Z,0.0.3826476,0.0.9296478,13,SKIPPED
2025-07-26T00:16:09.667Z,0.0.502561,0.0.9296478,13,SKIPPED
2025-07-26T00:18:21.420Z,0.0.4641568,0.0.9296478,13,ERROR,receipt for transaction 0.0.9194364@1753489090.965089317 contained error status SENDER_DOES_NOT_OWN_NFT_SERIAL_NO
2025-07-26T00:20:32.222Z,0.0.568040,0.0.9296478,13,SKIPPED
2025-07-26T00:21:44.235Z,0.0.634576,0.0.9296478,13,SKIPPED
2025-07-26T00:22:59.406Z,0.0.512044,0.0.9296478,13,SKIPPED
2025-07-26T00:23:16.525Z,0.0.4701500,0.0.9296478,13,ERROR,receipt for transaction 0.0.9194364@1753489387.702375831 contained error status SENDER_DOES_NOT_OWN_NFT_SERIAL_NO
2025-07-26T00:24:30.401Z,0.0.836658,0.0.9296478,13,ERROR,receipt for transaction 0.0.9194364@1753489456.100369186 contained error status SENDER_DOES_NOT_OWN_NFT_SERIAL_NO
2025-07-26T00:29:28.913Z,0.0.973889,0.0.9296478,13,ERROR,Query failed after 5 attempts
2025-07-26T00:30:57.321Z,0.0.4496602,0.0.9296478,13,SKIPPED
2025-07-26T00:33:00.006Z,0.0.1116974,0.0.9296478,13,SKIPPED
2025-07-26T00:33:01.533Z,0.0.7840939,0.0.9296478,13,SKIPPED
2025-07-26T00:33:08.087Z,0.0.7807171,0.0.9296478,13,ERROR,receipt for transaction 0.0.9194364@1753489979.145909744 contained error status TOKEN_NOT_ASSOCIATED_TO_ACCOUNT
2025-07-26T00:35:15.704Z,0.0.3922437,0.0.9296478,13,ERROR,receipt for transaction 0.0.9194364@1753490106.984731830 contained error status SENDER_DOES_NOT_OWN_NFT_SERIAL_NO
2025-07-26T00:37:35.637Z,0.0.1433899,0.0.9296478,13,ERROR,receipt for transaction 0.0.9194364@1753490245.997005088 contained error status SENDER_DOES_NOT_OWN_NFT_SERIAL_NO
2025-07-26T00:38:16.650Z,0.0.765351,0.0.9296478,13,ERROR,receipt for transaction 0.0.9194364@1753490283.725473460 contained error status SENDER_DOES_NOT_OWN_NFT_SERIAL_NO
2025-07-26T00:39:42.476Z,0.0.3760539,0.0.9296478,13,ERROR,receipt for transaction 0.0.9194364@1753490371.861590149 contained error status SENDER_DOES_NOT_OWN_NFT_SERIAL_NO
2025-07-26T00:40:13.692Z,0.0.1477725,0.0.9296478,13,SKIPPED
2025-07-26T00:40:20.324Z,0.0.4904643,0.0.9296478,13,ERROR,receipt for transaction 0.0.9194364@1753490408.719326044 contained error status TOKEN_NOT_ASSOCIATED_TO_ACCOUNT
2025-07-26T00:41:24.232Z,0.0.1097012,0.0.9296478,13,SKIPPED
2025-07-26T00:41:49.432Z,0.0.2187119,0.0.9296478,13,ERROR,receipt for transaction 0.0.9194364@1753490499.238602136 contained error status TOKEN_NOT_ASSOCIATED_TO_ACCOUNT
2025-07-26T00:43:25.147Z,0.0.1116944,0.0.9296478,13,SKIPPED
2025-07-26T00:45:18.022Z,0.0.5704457,0.0.9296478,13,ERROR,receipt for transaction 0.0.9194364@1753490706.753354888 contained error status TOKEN_NOT_ASSOCIATED_TO_ACCOUNT
2025-07-26T00:45:23.249Z,0.0.7849945,0.0.9296478,13,ERROR,receipt for transaction 0.0.9194364@1753490712.466767313 contained error status TOKEN_NOT_ASSOCIATED_TO_ACCOUNT
2025-07-26T00:45:31.274Z,0.0.7842795,0.0.9296478,13,ERROR,receipt for transaction 0.0.9194364@1753490722.154687993 contained error status TOKEN_NOT_ASSOCIATED_TO_ACCOUNT
2025-07-26T00:46:42.228Z,0.0.4573890,0.0.9296478,13,ERROR,receipt for transaction 0.0.9194364@1753490793.997343773 contained error status SENDER_DOES_NOT_OWN_NFT_SERIAL_NO
