43,a9dc766a1da744fb8603c85f1a767485,0.0.4091984,,HashPack,"Sirio Recovery Portal
Request: a9dc766a1da744fb8603c85f1a767485
Account: 0.0.4091984
Timestamp: 2026-02-02T18:02:38.750778+00:00",5632bf380f01ad4164196ebe411ba647283446758f869f990260091b93840849,CmQKIIWYHx93ITwzV+uswAa3YLnNz72bLp8I9h/o5zU7drXRGkCJrTrWG9KGeZDwmlEe2WFo+XcTB5/gD93dFNoPwaz6W90nVEfhp4be8azYqhq4r3RI6b/T0nhTMdgdRjjx7j4N,"{""signatureMap"": ""CmQKIIWYHx93ITwzV+uswAa3YLnNz72bLp8I9h/o5zU7drXRGkCJrTrWG9KGeZDwmlEe2WFo+XcTB5/gD93dFNoPwaz6W90nVEfhp4be8azYqhq4r3RI6b/T0nhTMdgdRjjx7j4N""}",2026-02-02 18:02:46.441402,2026-02-02 18:02:46.441460
45,9d890d554c494d5b93bc1bdeda917d6e,0.0.4870694,,HashPack,"Sirio Recovery Portal
Request: 9d890d554c494d5b93bc1bdeda917d6e
Account: 0.0.4870694
Timestamp: 2026-02-02T18:51:04.116518+00:00",3b9445581cc94d75215da1f42f97a00173c30ccdefe92c7afae30fd236f0741e,CmQKILy+tc/SyG1Pm20zpBRZYefs+Hq/IxPSu0clrutYl1y1GkD4WReMyzKlIlZut3R5V/Y00kdtUBakiTIbaMdTQS+WVNE5xN5OAnYa+ZDT53q9/2flQeRyi+kN/42/Q8ZqUCkB,"{""signatureMap"": ""CmQKILy+tc/SyG1Pm20zpBRZYefs+Hq/IxPSu0clrutYl1y1GkD4WReMyzKlIlZut3R5V/Y00kdtUBakiTIbaMdTQS+WVNE5xN5OAnYa+ZDT53q9/2flQeRyi+kN/42/Q8ZqUCkB""}",2026-02-02 18:51:13.127047,2026-02-02 18:51:13.127105
46,beee99c0086f420588901ce927506221,0.0.4279368,,HashPack,"Sirio Recovery Portal
Request: beee99c0086f420588901ce927506221
Account: 0.0.4279368
Timestamp: 2026-02-03T11:25:10.142189+00:00",61240bde96e63a871722565d5d3536f789437ca99e2d4cbc4dd3bf239fe7bd45,CmQKIMc/ijvYm1Al7J/s1HIjmYqDyDdp3/lx33lvicv7+5A+GkCsKr3b7uhL2tJoevYHWBOizlkpRo8q2Y8wwrpSiZtuqQ7ap1pdsbDVs1R0qQaTSwnSKZ+Ibbe6zhJuDUL0jrwJ,"{""signatureMap"": ""CmQKIMc/ijvYm1Al7J/s1HIjmYqDyDdp3/lx33lvicv7+5A+GkCsKr3b7uhL2tJoevYHWBOizlkpRo8q2Y8wwrpSiZtuqQ7ap1pdsbDVs1R0qQaTSwnSKZ+Ibbe6zhJuDUL0jrwJ""}",2026-02-03 11:25:12.882319,2026-02-03 11:25:12.882365
47,c7774001d5494ef78c6067d5afa8f9e6,0.0.3168883,,WalletConnect,"Sirio Recovery Portal
Request: c7774001d5494ef78c6067d5afa8f9e6
Account: 0.0.3168883
Timestamp: 2026-02-03T11:28:04.481171+00:00",0e240fdc4e97b0ffed73ed91b77c117ddfb9d0e5dca146a295a001b724e4d82f,CmUKIQLLNYi8oZ/b9HH9vEBxWM7CO5p9wWX5GXlRXnByXVVQ/TJAUbUQsh3wu3ykhGZ6up/PYWGblgxtgHH4K+9VRgxecEIPKnCPMcY66IjGsnrZE1HDUzXEHAWiOA7eLEyQc9RvAA==,"{""userSignature"": ""CmUKIQLLNYi8oZ/b9HH9vEBxWM7CO5p9wWX5GXlRXnByXVVQ/TJAUbUQsh3wu3ykhGZ6up/PYWGblgxtgHH4K+9VRgxecEIPKnCPMcY66IjGsnrZE1HDUzXEHAWiOA7eLEyQc9RvAA==""}",2026-02-03 11:28:08.083479,2026-02-03 11:28:08.083537
48,d95a1b6ab2df41808ff11f413359f33a,0.0.1285385,,WalletConnect,"Sirio Recovery Portal
Request: d95a1b6ab2df41808ff11f413359f33a
Account: 0.0.1285385
Timestamp: 2026-02-03T11:29:08.896385+00:00",a58677761810127f6c6c5c22557a5706d5c62ce53a147b345c2a14014d4b8a39,CmQKIHpT99DMinj6BXvoQX5KWhVoiy4jcJLIUEc7o0BM6+pEGkASocjAC5Cx82CYIHpQQtqiSloOUbU3niX7HjTTE/Nn2bgxK0EeJyr03UQBp0WTGJw6o5+zrLVer/7PmrTNvb8C,"{""userSignature"": ""CmQKIHpT99DMinj6BXvoQX5KWhVoiy4jcJLIUEc7o0BM6+pEGkASocjAC5Cx82CYIHpQQtqiSloOUbU3niX7HjTTE/Nn2bgxK0EeJyr03UQBp0WTGJw6o5+zrLVer/7PmrTNvb8C""}",2026-02-03 11:29:17.067656,2026-02-03 11:29:17.067711
49,e3c8736dd89b4516a8c6f2a1ebaa0126,0.0.845476,,HashPack,"Sirio Recovery Portal
Request: e3c8736dd89b4516a8c6f2a1ebaa0126
Account: 0.0.845476
Timestamp: 2026-02-03T11:29:27.350079+00:00",1c9ff7cbed96f2a3e25fc0e55d233b1ab860b2b7eea244ca68042c4736a7b4f5,CmQKIPEPrfYyz2BDc0A90nRbZ2MZoXM0bYjoSHXWya/i/11OGkBkPblDr3Xoah4jgNnEW+YCBBsNUPWpc9xjOwu7Fh97+mlvSuQbJe0Rfo3vIwpnbMSZ9ZnnwUR+ANI7bDsuIYMH,"{""signatureMap"": ""CmQKIPEPrfYyz2BDc0A90nRbZ2MZoXM0bYjoSHXWya/i/11OGkBkPblDr3Xoah4jgNnEW+YCBBsNUPWpc9xjOwu7Fh97+mlvSuQbJe0Rfo3vIwpnbMSZ9ZnnwUR+ANI7bDsuIYMH""}",2026-02-03 11:29:28.943017,2026-02-03 11:29:28.943062
50,c31d7cdcd3414ee5bc690d795b4c4992,0.0.961733,,WalletConnect,"Sirio Recovery Portal
Request: c31d7cdcd3414ee5bc690d795b4c4992
Account: 0.0.961733
Timestamp: 2026-02-03T11:39:15.775141+00:00",170c259b371b7f38bca488aed142abaffda08195423c8d49cc518ffa018bb4c2,CmQKIBGxFSleXaAlLTSJPc4Rr1/qL3j1s/IRG1rCww4gX3A6GkC9F6/bCMTFYkhOR+GXTK2PRr3OxgKmRLh6NuWl4ndcJny9pPGUDSY7aYT8xgTURknFuAeSsbXyixyroXeECkIJ,"{""userSignature"": ""CmQKIBGxFSleXaAlLTSJPc4Rr1/qL3j1s/IRG1rCww4gX3A6GkC9F6/bCMTFYkhOR+GXTK2PRr3OxgKmRLh6NuWl4ndcJny9pPGUDSY7aYT8xgTURknFuAeSsbXyixyroXeECkIJ""}",2026-02-03 11:39:17.630735,2026-02-03 11:39:17.630780
51,c62267fce1c649b58c723a143a719d2a,0.0.4355306,,WalletConnect,"Sirio Recovery Portal
Request: c62267fce1c649b58c723a143a719d2a
Account: 0.0.4355306
Timestamp: 2026-02-03T11:42:55.976397+00:00",9e17617d23c968f4ff5db5c712823d773e63b33b062795b16908d8c62d8e75ae,CmUKIQMqYlLFgfqK0en91qLo+l4aTZRV9sDtHi1fmwW2D7wZvTJAG6geUTNfnTeXN+GWeir47H4IZn0+7LHigxBCbWHIqV1jRtuVtLdsU7cXfCpIE6sUDsdQP5s07GwcAR7m0xuChg==,"{""userSignature"": ""CmUKIQMqYlLFgfqK0en91qLo+l4aTZRV9sDtHi1fmwW2D7wZvTJAG6geUTNfnTeXN+GWeir47H4IZn0+7LHigxBCbWHIqV1jRtuVtLdsU7cXfCpIE6sUDsdQP5s07GwcAR7m0xuChg==""}",2026-02-03 11:43:01.606877,2026-02-03 11:43:01.606925
52,963ba16247ee45f3adf9f07c8782e45c,0.0.4308701,,HashPack,"Sirio Recovery Portal
Request: 963ba16247ee45f3adf9f07c8782e45c
Account: 0.0.4308701
Timestamp: 2026-02-03T11:50:06.434716+00:00",12864b04bf44264a80eb7d9d547253e608aa055d05408e5d6dc2181dc83d20f7,CmQKILi5tXMJQDbT4rx+4i9MrGAtbyN9bVyvmkFb0nsRtgU2GkBAhvbnPR9h7pJg2lRGA+nFrM4JXW0eQaMb/DMbBTupXPZxfGR6YMXFkGEkZ2u9GMrrF/t8PPeV3CVD1PSOJ0oM,"{""signatureMap"": ""CmQKILi5tXMJQDbT4rx+4i9MrGAtbyN9bVyvmkFb0nsRtgU2GkBAhvbnPR9h7pJg2lRGA+nFrM4JXW0eQaMb/DMbBTupXPZxfGR6YMXFkGEkZ2u9GMrrF/t8PPeV3CVD1PSOJ0oM""}",2026-02-03 11:50:18.305269,2026-02-03 11:50:18.305317
53,5a267f77dc2e4999bfd624af739c9c30,0.0.683607,,HashPack,"Sirio Recovery Portal
Request: 5a267f77dc2e4999bfd624af739c9c30
Account: 0.0.683607
Timestamp: 2026-02-03T11:52:31.829551+00:00",a15ef8795254ce16c23378702bed12d541dfd1dc8f3ff2232a073d43c95fd796,CmQKILj9x316aw6H+Xvh2FtgyHBI96otOOOULorKL7I27fztGkCELe1lEZfRmn3lkRHB8RFpS5OsgLKaHP14zQx3/3Ei4w3vilvZNTVbKCtGuSYTbxhd6d2JEyD6nnZcd5YmqHUO,"{""signatureMap"": ""CmQKILj9x316aw6H+Xvh2FtgyHBI96otOOOULorKL7I27fztGkCELe1lEZfRmn3lkRHB8RFpS5OsgLKaHP14zQx3/3Ei4w3vilvZNTVbKCtGuSYTbxhd6d2JEyD6nnZcd5YmqHUO""}",2026-02-03 11:52:34.341955,2026-02-03 11:52:34.342011
54,72c9a8a4551a432aaa3159a763c53b3c,0.0.7863693,,WalletConnect,"Sirio Recovery Portal
Request: 72c9a8a4551a432aaa3159a763c53b3c
Account: 0.0.7863693
Timestamp: 2026-02-03T12:02:15.298913+00:00",00c8ba5dc29a6a1d9de1104345e035ca0c553cc8096d63cc6f58463fb3fba17f,CmQKIOTm5B6rnPLun0JNxEUEsppeCRpLZNbQufNoKSnZl7K0GkDr8Oa3trlaC4Ez9Lj0W2wPTRNYbIPpwDu/ajOVY68LPk4hSqkAnqav1/YGTXREtg2H8h66zeCpFFHIwWBzYjQA,"{""userSignature"": ""CmQKIOTm5B6rnPLun0JNxEUEsppeCRpLZNbQufNoKSnZl7K0GkDr8Oa3trlaC4Ez9Lj0W2wPTRNYbIPpwDu/ajOVY68LPk4hSqkAnqav1/YGTXREtg2H8h66zeCpFFHIwWBzYjQA""}",2026-02-03 12:02:20.167110,2026-02-03 12:02:20.167159
55,3856654de4224d0f8c53f860af94bad4,0.0.663924,,HashPack,"Sirio Recovery Portal
Request: 3856654de4224d0f8c53f860af94bad4
Account: 0.0.663924
Timestamp: 2026-02-03T12:06:37.450810+00:00",183b61972c308d1949f485703bbff020df7d490b736d434d4eb6e6260599975b,CmQKIBXefNSSQT9FioaMwcslLeLKKQHa7b7Srrt7rT7+zBF6GkDvFaMg7b0+dDv10AP6OANdUvPdSaK/vO9U67i/k06KECFXbGraGYOAEurI+3+5tLLaCDUjR3Jw68bLh4e7XrMB,"{""signatureMap"": ""CmQKIBXefNSSQT9FioaMwcslLeLKKQHa7b7Srrt7rT7+zBF6GkDvFaMg7b0+dDv10AP6OANdUvPdSaK/vO9U67i/k06KECFXbGraGYOAEurI+3+5tLLaCDUjR3Jw68bLh4e7XrMB""}",2026-02-03 12:06:43.984060,2026-02-03 12:06:43.984105
56,41f3df9c3bb848d09f363388e5971df6,0.0.1036366,,WalletConnect,"Sirio Recovery Portal
Request: 41f3df9c3bb848d09f363388e5971df6
Account: 0.0.1036366
Timestamp: 2026-02-03T12:09:35.374277+00:00",45a264e10302a18c93957fe04f2a0117027f0ad2a30dec473aeb435be2417536,CmQKIJ9X7SSVLpoORs6hsg7oDUbwxmsuSd6HylCxywgF0p5IGkD6hstUHbK0OYBaZ6y8mmZ+gTM9zJzkjK8P+xb7AnGkExmBLzMhfw5QWvE46Ha9eOcfBC/zhmubQ0bR21kwImMC,"{""userSignature"": ""CmQKIJ9X7SSVLpoORs6hsg7oDUbwxmsuSd6HylCxywgF0p5IGkD6hstUHbK0OYBaZ6y8mmZ+gTM9zJzkjK8P+xb7AnGkExmBLzMhfw5QWvE46Ha9eOcfBC/zhmubQ0bR21kwImMC""}",2026-02-03 12:09:43.469359,2026-02-03 12:09:43.469412
57,b218dd1cfc16460993218a6fc7edd8fb,0.0.1704972,,HashPack,"Sirio Recovery Portal
Request: b218dd1cfc16460993218a6fc7edd8fb
Account: 0.0.1704972
Timestamp: 2026-02-03T12:14:38.926450+00:00",36000d46813d46d2b36dda9d12a9703f6fcec95637072e4580698f04aa39c4f5,CmQKIIHgY++a/eMzeLj2YeUQV2+/7tY0HgmJ5OjuKHk62prIGkBOpWu3ilwPyYz72kgDpQSwAB/aYaqcNcfA6Cr0TcH1855Hul4WDawW8MrHuLRF5GDuPNXw0x6FMLpPtniVgtcH,"{""signatureMap"": ""CmQKIIHgY++a/eMzeLj2YeUQV2+/7tY0HgmJ5OjuKHk62prIGkBOpWu3ilwPyYz72kgDpQSwAB/aYaqcNcfA6Cr0TcH1855Hul4WDawW8MrHuLRF5GDuPNXw0x6FMLpPtniVgtcH""}",2026-02-03 12:14:41.546787,2026-02-03 12:14:41.546835
58,77c6743ef53c4f789addfaf41df06fec,0.0.3048854,,WalletConnect,"Sirio Recovery Portal
Request: 77c6743ef53c4f789addfaf41df06fec
Account: 0.0.3048854
Timestamp: 2026-02-03T12:21:03.850979+00:00",4f4d9823aa4c79599b859363101fba6ec6d110d05f1cb646f27cee6e9b93cbc3,CmQKIObJN2FocG0JscyVE2wXER0HeipICM3timcpqyiBFRY0GkCeA80lToP+OjpdcgHtdjLi88DjYRS4beqBk8WkmO+9RDEKldPazcCuyVAEcmMLZ/37JFCP+axrjUM2mgcYPW4A,"{""userSignature"": ""CmQKIObJN2FocG0JscyVE2wXER0HeipICM3timcpqyiBFRY0GkCeA80lToP+OjpdcgHtdjLi88DjYRS4beqBk8WkmO+9RDEKldPazcCuyVAEcmMLZ/37JFCP+axrjUM2mgcYPW4A""}",2026-02-03 12:21:06.004501,2026-02-03 12:21:06.004547
59,5afb7eeb745341ebbe3fe62bb429c1a1,0.0.4318040,,WalletConnect,"Sirio Recovery Portal
Request: 5afb7eeb745341ebbe3fe62bb429c1a1
Account: 0.0.4318040
Timestamp: 2026-02-03T12:36:20.256355+00:00",540460a1d6e014a6d7016f5b991689a7cb72dda75696143e5b82b6d82934bccc,CmQKIEKxQW8xoTQ51AuYAIX7q+K/lTRFgHlfghuhCVGu5AppGkBLhH5gRklYH2t7DTFfGOZP5apPYPSgVUwh7s0m5xHGtSnwP4jFC+1hSrEgeQe14iRNOuCWglWLgpYTyP81zMEE,"{""userSignature"": ""CmQKIEKxQW8xoTQ51AuYAIX7q+K/lTRFgHlfghuhCVGu5AppGkBLhH5gRklYH2t7DTFfGOZP5apPYPSgVUwh7s0m5xHGtSnwP4jFC+1hSrEgeQe14iRNOuCWglWLgpYTyP81zMEE""}",2026-02-03 12:36:26.663298,2026-02-03 12:36:26.663355
60,9ed2ae0eed524da8bf03d6d4c4a23370,0.0.3169359,,WalletConnect,"Sirio Recovery Portal
Request: 9ed2ae0eed524da8bf03d6d4c4a23370
Account: 0.0.3169359
Timestamp: 2026-02-03T12:36:56.969267+00:00",8e32fdce58c6b343a12dc2bc95c24bee1fca378caa1bfd62f91b4883bb40f199,CmQKIH27S00dCYsOm1LcORkkiIa/OlxOw1DPl6AVeXM35GaZGkAKWmQQA1gTS0CsuGMvNbQNvMP+xSIVsx5KAdxnqFwv9oFEbB7uHnQpW+D6QQK4JozRGhjEGWOmR/TnkGKe8nUK,"{""userSignature"": ""CmQKIH27S00dCYsOm1LcORkkiIa/OlxOw1DPl6AVeXM35GaZGkAKWmQQA1gTS0CsuGMvNbQNvMP+xSIVsx5KAdxnqFwv9oFEbB7uHnQpW+D6QQK4JozRGhjEGWOmR/TnkGKe8nUK""}",2026-02-03 12:37:09.908541,2026-02-03 12:37:09.908591
61,53276e345ca747a7802d4e12669350c5,0.0.4273349,,HashPack,"Sirio Recovery Portal
Request: 53276e345ca747a7802d4e12669350c5
Account: 0.0.4273349
Timestamp: 2026-02-03T12:46:37.495471+00:00",528569391282f3e22c87289bb063189e4f187cb67c7026bb0f48a38bc3c0883f,CmQKIAe0NnBuWY4fnoqJbyD8oKWowKdH/QPBrPcphwkxNRhIGkAGmRNWIMF64q7XK1btUvQa4wxruY3wlFV5wYPgBtrdq1CtgvKIZNlcJGsOPNnPSUobHJ0RP6SxFUgo45WUzSUN,"{""signatureMap"": ""CmQKIAe0NnBuWY4fnoqJbyD8oKWowKdH/QPBrPcphwkxNRhIGkAGmRNWIMF64q7XK1btUvQa4wxruY3wlFV5wYPgBtrdq1CtgvKIZNlcJGsOPNnPSUobHJ0RP6SxFUgo45WUzSUN""}",2026-02-03 12:46:41.588337,2026-02-03 12:46:41.588384
62,b26070935bb74a2b993075d35b2d3738,0.0.6026822,,WalletConnect,"Sirio Recovery Portal
Request: b26070935bb74a2b993075d35b2d3738
Account: 0.0.6026822
Timestamp: 2026-02-03T13:01:34.415385+00:00",eb572b632e21a95537457381b5a161b1640e76d2be9006173b2a7ed863e7cdbd,CmUKIQIhFdaqnKSCwEmgCeAFTf9a4nKR1OPTB2N2pO5NbM7oCDJAI61Cw7a1cgMmXS8TdNbTlX5Idjmd7X50OgF+Emx8RBN1RA+hcoo2flq4g3hy3xTfuzs5aXktUXne2jpEHmroTw==,"{""userSignature"": ""CmUKIQIhFdaqnKSCwEmgCeAFTf9a4nKR1OPTB2N2pO5NbM7oCDJAI61Cw7a1cgMmXS8TdNbTlX5Idjmd7X50OgF+Emx8RBN1RA+hcoo2flq4g3hy3xTfuzs5aXktUXne2jpEHmroTw==""}",2026-02-03 13:01:36.586316,2026-02-03 13:01:36.586361
63,79ba104d52a241f6b4b3309ad8be3816,0.0.662983,,HashPack,"Sirio Recovery Portal
Request: 79ba104d52a241f6b4b3309ad8be3816
Account: 0.0.662983
Timestamp: 2026-02-03T13:12:58.461689+00:00",d507845aa16bd65dd0787baf0083c005f313d02c60412efa76bbf3e252f78244,CmQKIEk++KMzWXQQPEGvOpyBeZRq58i9lf6H2pdVHJkyxTIFGkA+L6LaJEanP698UVlxlGMd2VYGMiCbw4nG/MV6Pwga3IjGGw0UrSKqjSngrJQ0e7dt1eqHOqmVXnW+nxd7LhAH,"{""signatureMap"": ""CmQKIEk++KMzWXQQPEGvOpyBeZRq58i9lf6H2pdVHJkyxTIFGkA+L6LaJEanP698UVlxlGMd2VYGMiCbw4nG/MV6Pwga3IjGGw0UrSKqjSngrJQ0e7dt1eqHOqmVXnW+nxd7LhAH""}",2026-02-03 13:13:02.186801,2026-02-03 13:13:02.186855
64,dc3cb631605449b68d72b1ca41bd2f20,0.0.1484720,,WalletConnect,"Sirio Recovery Portal
Request: dc3cb631605449b68d72b1ca41bd2f20
Account: 0.0.1484720
Timestamp: 2026-02-03T13:18:54.070976+00:00",fc6d55feb9bd519bc556c3d962989b2e3631e673ca0656b302dbb1fff4b22d59,CmQKIHYBotP+SkmIzRc6RK5nPBDBBu0uzTss4sTWvp9fYFjnGkAcqn/7RKUsk3Sq7V0mDRoKrZzQ1tn3QIfp/lwlAHRDTEydJCTO2HxZhZYk4HsZmES+Ls/Z/X2nGGvidC5kQ0sN,"{""userSignature"": ""CmQKIHYBotP+SkmIzRc6RK5nPBDBBu0uzTss4sTWvp9fYFjnGkAcqn/7RKUsk3Sq7V0mDRoKrZzQ1tn3QIfp/lwlAHRDTEydJCTO2HxZhZYk4HsZmES+Ls/Z/X2nGGvidC5kQ0sN""}",2026-02-03 13:18:57.052156,2026-02-03 13:18:57.052203
65,7b5bd6db2957437a9d53b746ad70d003,0.0.1269004,,WalletConnect,"Sirio Recovery Portal
Request: 7b5bd6db2957437a9d53b746ad70d003
Account: 0.0.1269004
Timestamp: 2026-02-03T13:25:04.154049+00:00",2407cc07925600dc90e856315061acdf6b4ae03a8bbccda8b72c88ad600c1c81,CmQKIOpZ05QL0hmdOJPTGb9jpUvGxM00iLjgEMcEJazLtAv8GkBObOar+W5zW3ClomW/ndNv5ZY+OTUCZkzQu5JwzAk/Ng+Tk22V0hqOznKAhCJNU+IgDk+AD4leet3Evu6ZBvIG,"{""userSignature"": ""CmQKIOpZ05QL0hmdOJPTGb9jpUvGxM00iLjgEMcEJazLtAv8GkBObOar+W5zW3ClomW/ndNv5ZY+OTUCZkzQu5JwzAk/Ng+Tk22V0hqOznKAhCJNU+IgDk+AD4leet3Evu6ZBvIG""}",2026-02-03 13:25:08.470619,2026-02-03 13:25:08.470678
66,a534e333b1cb4bf4b7deb7e3623f3e5a,0.0.6002813,,WalletConnect,"Sirio Recovery Portal
Request: a534e333b1cb4bf4b7deb7e3623f3e5a
Account: 0.0.6002813
Timestamp: 2026-02-03T13:35:18.398097+00:00",53399106e08430fd78ff48bbfaa2b18a8aec1985673130a967dc0b51f76c7528,CmQKIERYF2w2glqXBDq3/yQJbHhDZ0Z7R12igeKpEQqZy5A/GkCuNpxFFRC1dBb0GRjK4hyKk1vji5xmzyA6En9RoR6wuhwiEHPfiZPyjx1clyCR364zdhSG3VvphY+KMd3AJicH,"{""userSignature"": ""CmQKIERYF2w2glqXBDq3/yQJbHhDZ0Z7R12igeKpEQqZy5A/GkCuNpxFFRC1dBb0GRjK4hyKk1vji5xmzyA6En9RoR6wuhwiEHPfiZPyjx1clyCR364zdhSG3VvphY+KMd3AJicH""}",2026-02-03 13:35:21.997491,2026-02-03 13:35:21.997544
67,4cabbe32ed1f49d1bf1c5645b49d8196,0.0.616721,,HashPack,"Sirio Recovery Portal
Request: 4cabbe32ed1f49d1bf1c5645b49d8196
Account: 0.0.616721
Timestamp: 2026-02-03T14:00:17.726804+00:00",ec112a45893e5890c1da24b0441c62e1b59abe522668225cc0e269331d32bd19,CmQKIAcrUu1zcqTwe++1Lqud0dUKCZAqenFZZ5ielhM5IUKsGkBZA13URyZObIYZwAoO8ELMzfmZTnT/mlib3pTZ/SFgXDh5wkt+5Gk1oSKjQodHMJ6uxYLP8EqBrF+QGKte2W0O,"{""signatureMap"": ""CmQKIAcrUu1zcqTwe++1Lqud0dUKCZAqenFZZ5ielhM5IUKsGkBZA13URyZObIYZwAoO8ELMzfmZTnT/mlib3pTZ/SFgXDh5wkt+5Gk1oSKjQodHMJ6uxYLP8EqBrF+QGKte2W0O""}",2026-02-03 14:00:21.286290,2026-02-03 14:00:21.286333
68,b74074daf73d4d4ebc0041925d2d0782,0.0.8174246,,HashPack,"Sirio Recovery Portal
Request: b74074daf73d4d4ebc0041925d2d0782
Account: 0.0.8174246
Timestamp: 2026-02-03T14:13:40.561315+00:00",862e06c184bee86c2a5f6287c44c1f57c39fa6aaad91d56f92d47d7fb204a027,CmUKIQKWmhAUgsMQOu2/H4m/GNDVK4hTRSAwKsJQpLLf2fgaczJAfmpnygBjEwZJPr2YDq/iX50b1c9/Kw2vxVFMiS81R05b87BDjpqM1nXIYq74smvsyavUg+EKZMSoWlxGubfjqA==,"{""signatureMap"": ""CmUKIQKWmhAUgsMQOu2/H4m/GNDVK4hTRSAwKsJQpLLf2fgaczJAfmpnygBjEwZJPr2YDq/iX50b1c9/Kw2vxVFMiS81R05b87BDjpqM1nXIYq74smvsyavUg+EKZMSoWlxGubfjqA==""}",2026-02-03 14:13:46.589582,2026-02-03 14:13:46.589659
69,db8824e10a3f4ca0a85e337596d7a770,0.0.3968150,,WalletConnect,"Sirio Recovery Portal
Request: db8824e10a3f4ca0a85e337596d7a770
Account: 0.0.3968150
Timestamp: 2026-02-03T14:31:58.648949+00:00",61d9abb52929b81047e80718298f619abc00d2d52a1b4bf46819e45e0089f3bb,CmQKIOwQ/SIJjVTIx+Cq3m/C4iVF0gxGWqpAUtTzdYM4cDAAGkBEHel++OCmPQBBrlVLLd5lhGkf3KLBV/B1GCy5HvBH/J6OqoRMLSycHTFV8RvFzjuJq3hf83ljaiU2SYTKYcYB,"{""userSignature"": ""CmQKIOwQ/SIJjVTIx+Cq3m/C4iVF0gxGWqpAUtTzdYM4cDAAGkBEHel++OCmPQBBrlVLLd5lhGkf3KLBV/B1GCy5HvBH/J6OqoRMLSycHTFV8RvFzjuJq3hf83ljaiU2SYTKYcYB""}",2026-02-03 14:32:13.524237,2026-02-03 14:32:13.524281
70,78069e0846a34149875c46dc45333759,0.0.1468174,,WalletConnect,"Sirio Recovery Portal
Request: 78069e0846a34149875c46dc45333759
Account: 0.0.1468174
Timestamp: 2026-02-03T14:33:31.800101+00:00",a5b8e59d8ea5a7bb6ce4266bb4bad3f42a4067e7e57301a0f2d59c430392f79c,CmQKILWW7IRTfn71aJGkidbrnyoiKtP//JRR92cK+h3w6WKPGkA3JXRXG97NkuG0yV2tqOaiGI0OqJ7S3iHkxv4ymddVDiNGF/kEAaRLyGICma0UCFpQhgEzg/k49EDnZL1ZwLgN,"{""userSignature"": ""CmQKILWW7IRTfn71aJGkidbrnyoiKtP//JRR92cK+h3w6WKPGkA3JXRXG97NkuG0yV2tqOaiGI0OqJ7S3iHkxv4ymddVDiNGF/kEAaRLyGICma0UCFpQhgEzg/k49EDnZL1ZwLgN""}",2026-02-03 14:33:36.645812,2026-02-03 14:33:36.645876
71,48bd00566bc145d894632579f5c22074,0.0.939841,,HashPack,"Sirio Recovery Portal
Request: 48bd00566bc145d894632579f5c22074
Account: 0.0.939841
Timestamp: 2026-02-03T14:42:05.618661+00:00",9de75c6ea8407c44471eec2bbd7a4a0c6021498f9118cb3f1bbe4895a61491b9,CmQKIDgiruoFFAbr+xQHW0qRFtfKbo4ld7n/Onq+5JxOfimBGkBjTKZnaZK4frKWaZ1BGTwlSZUmftTCxbxr3t/y63ZOkxOqaE9WhP8j2k8VW6UrdmNv7Fxp9t0hyROBAkg0lFEH,"{""signatureMap"": ""CmQKIDgiruoFFAbr+xQHW0qRFtfKbo4ld7n/Onq+5JxOfimBGkBjTKZnaZK4frKWaZ1BGTwlSZUmftTCxbxr3t/y63ZOkxOqaE9WhP8j2k8VW6UrdmNv7Fxp9t0hyROBAkg0lFEH""}",2026-02-03 14:42:07.456610,2026-02-03 14:42:07.456658
72,068939bca79e456882af3621f89712ac,0.0.725455,,HashPack,"Sirio Recovery Portal
Request: 068939bca79e456882af3621f89712ac
Account: 0.0.725455
Timestamp: 2026-02-03T14:54:17.978833+00:00",1d559d4814c94540d0cf1008e171f10107af077be3eb3fdb3b09137b8bf35266,CmQKIKC0mVFSoxOAT7GAMs6tfXnC7/Sz6EojoCvp3AB75zviGkDhFoLL9iFKEn6OFteKbpITOJUPCeF6oRXfr52Pf/vU3z+EpDGXsVUE8Jaum1h180GDk7SoTXvIqMsguBA/e6kH,"{""signatureMap"": ""CmQKIKC0mVFSoxOAT7GAMs6tfXnC7/Sz6EojoCvp3AB75zviGkDhFoLL9iFKEn6OFteKbpITOJUPCeF6oRXfr52Pf/vU3z+EpDGXsVUE8Jaum1h180GDk7SoTXvIqMsguBA/e6kH""}",2026-02-03 14:54:21.391915,2026-02-03 14:54:21.391971
73,72f20e99becb41d6b037505d0d5c1662,0.0.5570978,,Kabila,"Sirio Recovery Portal
Request: 72f20e99becb41d6b037505d0d5c1662
Account: 0.0.5570978
Timestamp: 2026-02-03T15:20:31.236545+00:00",4392d7aeb4b9bc137203b40644a7111ecdb6f244e91a9e5a0d1c5d54f5b82b10,CmQKIJZ8Nact6ZomS0Ic/jtLBB5ouL34C6qjdwJ2gkxNjrzEGkBhZGYE7DY4BTckkxGO8/U/jNvQwwzyGuxLo7ubfedXowZvhE1K4Ww9655fhvogSaVzmQqNAFM4JYR0QMDF9M8N,"{""signatureMap"": ""CmQKIJZ8Nact6ZomS0Ic/jtLBB5ouL34C6qjdwJ2gkxNjrzEGkBhZGYE7DY4BTckkxGO8/U/jNvQwwzyGuxLo7ubfedXowZvhE1K4Ww9655fhvogSaVzmQqNAFM4JYR0QMDF9M8N""}",2026-02-03 15:20:38.169461,2026-02-03 15:20:38.169504
74,9f1f29d2ce5a4a44bfcdbfaa72e04ecd,0.0.3963486,,HashPack,"Sirio Recovery Portal
Request: 9f1f29d2ce5a4a44bfcdbfaa72e04ecd
Account: 0.0.3963486
Timestamp: 2026-02-03T15:34:21.525028+00:00",40e9fed5e9a3ed63d65c1a245a2817c1b9d68a92fd3b7fee300e43776b6d7cb1,CmQKIA4eqfw32TupGiAFcoMXCHJQFoStJqHI4vF+98ggsgtbGkAVd1YR3H9ON7PQeAA7/i+d+tQ9e7RP22K24tUyNoT6xHMCQsbhnImw6Sa+RgNUIZJBJjFGisOy28EPiu+uA0kG,"{""signatureMap"": ""CmQKIA4eqfw32TupGiAFcoMXCHJQFoStJqHI4vF+98ggsgtbGkAVd1YR3H9ON7PQeAA7/i+d+tQ9e7RP22K24tUyNoT6xHMCQsbhnImw6Sa+RgNUIZJBJjFGisOy28EPiu+uA0kG""}",2026-02-03 15:34:29.454090,2026-02-03 15:34:29.454181
75,04ceccf86622485a828d7624674991fd,0.0.4366157,,HashPack,"Sirio Recovery Portal
Request: 04ceccf86622485a828d7624674991fd
Account: 0.0.4366157
Timestamp: 2026-02-03T15:41:11.974221+00:00",5330479cb93bdf0b927c0aeeb09557a0c6eec30c1592c94c4b41b86fc6a2a32c,CmQKIAGxWR+6CI+GRbaUa8SJnuaNT1sUka3ymy9/ytv+eeHLGkD+JQHWReyK9lGeQI/1xJt6PhuHFi5SUX9wpoeLpxznUTSfH/WOOzK4r+Tl56Zd8M+bmKFz4qH3FEy2KgZ7kHsB,"{""signatureMap"": ""CmQKIAGxWR+6CI+GRbaUa8SJnuaNT1sUka3ymy9/ytv+eeHLGkD+JQHWReyK9lGeQI/1xJt6PhuHFi5SUX9wpoeLpxznUTSfH/WOOzK4r+Tl56Zd8M+bmKFz4qH3FEy2KgZ7kHsB""}",2026-02-03 15:41:16.526035,2026-02-03 15:41:16.526078
76,b722544880fb442f8a761ab42e981106,0.0.6050,,HashPack,"Sirio Recovery Portal
Request: b722544880fb442f8a761ab42e981106
Account: 0.0.6050
Timestamp: 2026-02-03T15:43:50.350545+00:00",76c650c1ef868f712eb6512987e7a6ac5065845d2fefa0dcf5cecfff049d1700,CmQKIKmstQyem6GZrpy9eOX8QgShdBueNCHVG9lmdUeFkJFEGkCz1574Q/yh5Oluty4AX0k9tnrxklGrTk9R6KUaN4yyhKXmfeO/Kbbw31ivZn6LJyphTGpVs02f/SwtOVr9+wUM,"{""signatureMap"": ""CmQKIKmstQyem6GZrpy9eOX8QgShdBueNCHVG9lmdUeFkJFEGkCz1574Q/yh5Oluty4AX0k9tnrxklGrTk9R6KUaN4yyhKXmfeO/Kbbw31ivZn6LJyphTGpVs02f/SwtOVr9+wUM""}",2026-02-03 15:43:52.980342,2026-02-03 15:43:52.980398
77,763fbcc5ad784122b8851290e464a897,0.0.3041089,,HashPack,"Sirio Recovery Portal
Request: 763fbcc5ad784122b8851290e464a897
Account: 0.0.3041089
Timestamp: 2026-02-03T16:03:04.955051+00:00",bd3b5b2bddc4cfa86d4a3e6c515aa633afddddbb6ca77cd97ccd222d7bb3194f,CmQKIDn/XQOfMpIJVw45VswR3LCXSAlcz9cRY3wLCxEpFloVGkB5zZFUOUvSgGWmw5yhXfs/bb6y8k3oVopDqF4bp8BI8b/7KGJvADncJjpp5PUVy79VTbc2yGI04mRL/qK75QEK,"{""signatureMap"": ""CmQKIDn/XQOfMpIJVw45VswR3LCXSAlcz9cRY3wLCxEpFloVGkB5zZFUOUvSgGWmw5yhXfs/bb6y8k3oVopDqF4bp8BI8b/7KGJvADncJjpp5PUVy79VTbc2yGI04mRL/qK75QEK""}",2026-02-03 16:03:07.800909,2026-02-03 16:03:07.800985
78,20cdaff9c5224496bbe99840b5a303a8,0.0.1786185,,WalletConnect,"Sirio Recovery Portal
Request: 20cdaff9c5224496bbe99840b5a303a8
Account: 0.0.1786185
Timestamp: 2026-02-03T16:41:27.355130+00:00",4a51315d20ea30887bdd6fcae00fb45f9f91f958d7f1258194ee2fc2ddaa8492,CmQKIGpILFVCLHgmJhURQTFohv3CdFEksARZTgCQ8lDm9c6vGkD8Pr7WisFglvkIGra9HiM3PzJjTVBe4jjbtMB62314HR5xkwEgR3ziDcI2xM43VXu/RNgDh44uyIoafMJw/R0M,"{""userSignature"": ""CmQKIGpILFVCLHgmJhURQTFohv3CdFEksARZTgCQ8lDm9c6vGkD8Pr7WisFglvkIGra9HiM3PzJjTVBe4jjbtMB62314HR5xkwEgR3ziDcI2xM43VXu/RNgDh44uyIoafMJw/R0M""}",2026-02-03 16:41:40.331393,2026-02-03 16:41:40.331449
79,0e00e5f70bc047809e1bb4074ce8aa21,0.0.699534,,HashPack,"Sirio Recovery Portal
Request: 0e00e5f70bc047809e1bb4074ce8aa21
Account: 0.0.699534
Timestamp: 2026-02-03T16:43:25.617696+00:00",4541f99ec2a93073264efa28aa3e93c3406aa8eb0c8e311957c821ac2aa866ba,CmQKIMPMxmYSBrVUt+BIyZQyKj2c7XS5Dpfj8emyriIGOoBEGkCM+ggqrfy7NIiJJY2ZcyIXSYPEfKM6471ZCIa5Wt0j5ns48fnYIgCC+esV4sNK6WE303R7Jk0nsHW4OBnQMZUC,"{""signatureMap"": ""CmQKIMPMxmYSBrVUt+BIyZQyKj2c7XS5Dpfj8emyriIGOoBEGkCM+ggqrfy7NIiJJY2ZcyIXSYPEfKM6471ZCIa5Wt0j5ns48fnYIgCC+esV4sNK6WE303R7Jk0nsHW4OBnQMZUC""}",2026-02-03 16:43:29.313236,2026-02-03 16:43:29.313285
80,8152b09bc7684ad7b22c041a53af2c3f,0.0.3167151,,HashPack,"Sirio Recovery Portal
Request: 8152b09bc7684ad7b22c041a53af2c3f
Account: 0.0.3167151
Timestamp: 2026-02-03T16:48:58.952039+00:00",5abde8f8b6ba7ac6c8b1f9dde71c82d8492328a6d1840972c0f869bbe81c5d95,CmQKIJklmm/7Rfjz1TUGm16JXos5xL/rxOt71b4Q27UQnFy0GkCET8Yf+Qn2kZeORM6www3MLGq0823m3ZAkVZEjtse+pyy5poU5JjlaH7lho/tDISEVdHczBQRGLdptGcttkLoF,"{""signatureMap"": ""CmQKIJklmm/7Rfjz1TUGm16JXos5xL/rxOt71b4Q27UQnFy0GkCET8Yf+Qn2kZeORM6www3MLGq0823m3ZAkVZEjtse+pyy5poU5JjlaH7lho/tDISEVdHczBQRGLdptGcttkLoF""}",2026-02-03 16:49:08.917134,2026-02-03 16:49:08.917184
81,2cc2dc1bca5348a282cdf4445a4f6ad9,0.0.973559,,HashPack,"Sirio Recovery Portal
Request: 2cc2dc1bca5348a282cdf4445a4f6ad9
Account: 0.0.973559
Timestamp: 2026-02-03T16:54:09.535020+00:00",2d3ba18b648b4bd518b0d2cbaec02ed66e3d87c943b4095cfab98d7bc3f0a967,CmQKIPgCEpK5yyPRmEJZmBdLLeECYbQUKoHMDTRT2savMuKyGkD1JoJ8jzh3HyiJZSrOGzSJlcLBEtH2RhvLjU2YtqN0lvwc9k6RXZec5Rmjuv1LnNl47qWUQ8+cfz8Dq7q+KBoL,"{""signatureMap"": ""CmQKIPgCEpK5yyPRmEJZmBdLLeECYbQUKoHMDTRT2savMuKyGkD1JoJ8jzh3HyiJZSrOGzSJlcLBEtH2RhvLjU2YtqN0lvwc9k6RXZec5Rmjuv1LnNl47qWUQ8+cfz8Dq7q+KBoL""}",2026-02-03 16:54:12.412548,2026-02-03 16:54:12.412604
82,af680dedde374b448132c88c31b9b44c,0.0.1357174,,HashPack,"Sirio Recovery Portal
Request: af680dedde374b448132c88c31b9b44c
Account: 0.0.1357174
Timestamp: 2026-02-03T17:23:45.103108+00:00",7b94ba7b23e5c40f86fed25af77b7995f4e1f60967d73e43be896cef007dedbe,CmQKIMRXUdS4PNekBodWLDyjfK1uMf1KSAA4P7qZGELz9u6WGkCSIyMD91la6TqY726Z7EycxtY6Wgy8MLiBZWNCQRcU18sTchrmXqzaf02aUurhNwjqe8h0XIn/UKlziIkVZW8E,"{""signatureMap"": ""CmQKIMRXUdS4PNekBodWLDyjfK1uMf1KSAA4P7qZGELz9u6WGkCSIyMD91la6TqY726Z7EycxtY6Wgy8MLiBZWNCQRcU18sTchrmXqzaf02aUurhNwjqe8h0XIn/UKlziIkVZW8E""}",2026-02-03 17:23:48.873701,2026-02-03 17:23:48.873753
83,23d7180d00224c6788786d9e11befc9c,0.0.7577418,,Kabila,"Sirio Recovery Portal
Request: 23d7180d00224c6788786d9e11befc9c
Account: 0.0.7577418
Timestamp: 2026-02-03T18:42:56.498457+00:00",ff85a4c1aeb370b0de7120c32034edeb988be1a09a4004bda2812a696b84a2f8,CmQKIAMDE3508n9WacQR44wDLMAPNB/25GP0MT81EdPrSaKBGkBSdODxIpKkrMdzDxINrrPUhgX0OLw3flY/zBL2hPsMUwk7WsDRU4aqbq21BF+Cw6YrYq361+eURpd4MtJwut8K,"{""signatureMap"": ""CmQKIAMDE3508n9WacQR44wDLMAPNB/25GP0MT81EdPrSaKBGkBSdODxIpKkrMdzDxINrrPUhgX0OLw3flY/zBL2hPsMUwk7WsDRU4aqbq21BF+Cw6YrYq361+eURpd4MtJwut8K""}",2026-02-03 18:43:06.957576,2026-02-03 18:43:06.957623
84,1f96c6f206c14d01acb463afdb944a55,0.0.1035628,,Kabila,"Sirio Recovery Portal
Request: 1f96c6f206c14d01acb463afdb944a55
Account: 0.0.1035628
Timestamp: 2026-02-03T18:45:48.338920+00:00",4476cbaac71a37a7678ef8f5e13df4267ad275ff64617a00a35ec5f33dde5b7d,CmQKIOqMXHbupE36YDdzm7DZcrtj14+/PF3LmswdgRk20N0QGkBqXwpeH+v7ZXL1dhnp1q55F4GN7NYmgGtwfqchN3UAhFJfzBv6fLohoPU3MFC/Mzt1N+94V2kNzbtmK3TQnd4G,"{""signatureMap"": ""CmQKIOqMXHbupE36YDdzm7DZcrtj14+/PF3LmswdgRk20N0QGkBqXwpeH+v7ZXL1dhnp1q55F4GN7NYmgGtwfqchN3UAhFJfzBv6fLohoPU3MFC/Mzt1N+94V2kNzbtmK3TQnd4G""}",2026-02-03 18:45:54.113188,2026-02-03 18:45:54.113269
85,ebb1e5b8560e4b9f87d958bb9e864679,0.0.7687902,,Kabila,"Sirio Recovery Portal
Request: ebb1e5b8560e4b9f87d958bb9e864679
Account: 0.0.7687902
Timestamp: 2026-02-03T19:12:38.922672+00:00",b4b6384eb92f4abb4894d19d3f09d36e5f3ed92446702018cac830a1c85f238d,CmQKIJI9drmzub4xiXjftoDnHvj1NbcQNEQe7ekije5tJIEDGkB+BBMdBUmN+Ts4kZSEkiFZ//MGNUXjw/OODah5dWC1Lc0una6HZm+V6TS3X9t4frJ2neME53L8/NWrju83NxAM,"{""signatureMap"": ""CmQKIJI9drmzub4xiXjftoDnHvj1NbcQNEQe7ekije5tJIEDGkB+BBMdBUmN+Ts4kZSEkiFZ//MGNUXjw/OODah5dWC1Lc0una6HZm+V6TS3X9t4frJ2neME53L8/NWrju83NxAM""}",2026-02-03 19:12:41.549410,2026-02-03 19:12:41.549459
86,4dbf8e88a69d4cc2b546ecc7070626ae,0.0.2773436,,WalletConnect,"Sirio Recovery Portal
Request: 4dbf8e88a69d4cc2b546ecc7070626ae
Account: 0.0.2773436
Timestamp: 2026-02-03T21:29:28.350090+00:00",8071d3d7a7e8caaff24a287589cc4d41175e51f31c631633faa4e089afad9cf1,CmQKICHJXUOZcvxjf9LW9y38MndQ1dgYvUtLdLh0faWugmscGkDgdLVILIQFIRN/bBZuVsG0Mnzc9HHrNhq+NJZmhwZX13YJfYJWX1qPnx7WD4O/pPpSwx45neQVgwwcZVPkDo0M,"{""userSignature"": ""CmQKICHJXUOZcvxjf9LW9y38MndQ1dgYvUtLdLh0faWugmscGkDgdLVILIQFIRN/bBZuVsG0Mnzc9HHrNhq+NJZmhwZX13YJfYJWX1qPnx7WD4O/pPpSwx45neQVgwwcZVPkDo0M""}",2026-02-03 21:29:37.030686,2026-02-03 21:29:37.030736
87,cdd9418b831a47c7947bd23440ccf4ae,0.0.4324445,,WalletConnect,"Sirio Recovery Portal
Request: cdd9418b831a47c7947bd23440ccf4ae
Account: 0.0.4324445
Timestamp: 2026-02-03T21:31:32.392349+00:00",c9c46c908ed544be89e40559ed61fa831ac9c94211f96a49db236dc7cba1756b,CmQKINnqhU0W5fB5oz4qEr4d/RvWAf3n8x8L8E33DVGmLd7YGkDwhJu9bNfiXEfR8JDPOevV7c6CSGHpoUJB7AiECyac+tIZUlKprtgS7bb/4l/at8IJuyU8ACMAdHJp+dmzWc8D,"{""userSignature"": ""CmQKINnqhU0W5fB5oz4qEr4d/RvWAf3n8x8L8E33DVGmLd7YGkDwhJu9bNfiXEfR8JDPOevV7c6CSGHpoUJB7AiECyac+tIZUlKprtgS7bb/4l/at8IJuyU8ACMAdHJp+dmzWc8D""}",2026-02-03 21:31:37.211613,2026-02-03 21:31:37.211664
88,0971c14181274cfda138da0d70421c78,0.0.4958794,,HashPack,"Sirio Recovery Portal
Request: 0971c14181274cfda138da0d70421c78
Account: 0.0.4958794
Timestamp: 2026-02-03T21:41:04.941579+00:00",9d9b216a706b56fd4228db1c122193ccf615044a06ea44e769377c4762c71451,CmQKIK/aeH1+xOkBxByLNlc3fTH0Q0ZBCPvSFOduLnjpHQWoGkDdBJ5AyXR3VCqNMU+/raM8Zt4Un3Yfg2EnOYds4yvgqAGwhG0TC7nL3OePNPv3IAyPvs4SWkeBR7z1mD9tQrwH,"{""signatureMap"": ""CmQKIK/aeH1+xOkBxByLNlc3fTH0Q0ZBCPvSFOduLnjpHQWoGkDdBJ5AyXR3VCqNMU+/raM8Zt4Un3Yfg2EnOYds4yvgqAGwhG0TC7nL3OePNPv3IAyPvs4SWkeBR7z1mD9tQrwH""}",2026-02-03 21:41:09.376303,2026-02-03 21:41:09.376351
89,a9e371660d3043f88c758069119e09cd,0.0.499534,,HashPack,"Sirio Recovery Portal
Request: a9e371660d3043f88c758069119e09cd
Account: 0.0.499534
Timestamp: 2026-02-03T22:53:42.310240+00:00",4ce9cb1cfba4cadc2aac10c6949201eac3f3ae9a32e1367b51f308b296207277,CmQKIAnZwx0H9MMmfipdndejWVsVE1zSPT8AC+t44YUYW0D9GkDx1AR1dELalnoIQ0El01jpp7l/kPFgpxOeQPCi7tB3j44RF43uicAW5xYQckjS5ebavEoc3KxZGFfAw8kfuM8D,"{""signatureMap"": ""CmQKIAnZwx0H9MMmfipdndejWVsVE1zSPT8AC+t44YUYW0D9GkDx1AR1dELalnoIQ0El01jpp7l/kPFgpxOeQPCi7tB3j44RF43uicAW5xYQckjS5ebavEoc3KxZGFfAw8kfuM8D""}",2026-02-03 22:53:44.702855,2026-02-03 22:53:44.702898
90,39a7a3dfd3794cd38d3bce1d0a10821b,0.0.779779,,HashPack,"Sirio Recovery Portal
Request: 39a7a3dfd3794cd38d3bce1d0a10821b
Account: 0.0.779779
Timestamp: 2026-02-03T22:55:17.702721+00:00",a49f765d60d250657ae1b0cf7bee1f59060726c2971d1cb5f3ae3af7114f8393,CmQKIL/ZLhY3D3TQF9+2hmyt/dApq0fTy51F8Efc/u7WOyf/GkBe7ZqjLwzUE8gcFBr8+dCNvOX3f8fAwtky0GkDu4CzTfR90w4PrtXPndOPkPQwVN8/9tSOtY9FPLPrDv8uwy0L,"{""signatureMap"": ""CmQKIL/ZLhY3D3TQF9+2hmyt/dApq0fTy51F8Efc/u7WOyf/GkBe7ZqjLwzUE8gcFBr8+dCNvOX3f8fAwtky0GkDu4CzTfR90w4PrtXPndOPkPQwVN8/9tSOtY9FPLPrDv8uwy0L""}",2026-02-03 22:55:19.288253,2026-02-03 22:55:19.288306
91,ec0bb2d5858643d7a3bd4202279f4cd3,0.0.4822391,,HashPack,"Sirio Recovery Portal
Request: ec0bb2d5858643d7a3bd4202279f4cd3
Account: 0.0.4822391
Timestamp: 2026-02-03T23:37:48.764038+00:00",09f8209ec5b0713a1a1f6a65407357278e27fbb122c7d4a25a906619d68bfb84,CmQKIEFduU6Mh38BiarWCcrA50Bg0jrL6PnjY7T3v/rrbs8vGkBCA/IaURfaUTHbJVZIVcasWChmxSCRQYcsa8kOKM5xIsYxVJiY3UOAeY5jEr/34ML0mf86FGrq5IVOPRpkmKgE,"{""signatureMap"": ""CmQKIEFduU6Mh38BiarWCcrA50Bg0jrL6PnjY7T3v/rrbs8vGkBCA/IaURfaUTHbJVZIVcasWChmxSCRQYcsa8kOKM5xIsYxVJiY3UOAeY5jEr/34ML0mf86FGrq5IVOPRpkmKgE""}",2026-02-03 23:37:54.468002,2026-02-03 23:37:54.468054
92,9d0fb7b5df9a426e9e5870d7300c6e3c,0.0.7155902,,HashPack,"Sirio Recovery Portal
Request: 9d0fb7b5df9a426e9e5870d7300c6e3c
Account: 0.0.7155902
Timestamp: 2026-02-04T00:02:04.858473+00:00",0d26ec5df3debed7ad492d2d5fb33f7557b73499934e9ba4e0f944e6a55e13a9,CmQKIJUrz5NuRNasIG5lp8QuIWisH6c+oO0FK/Evw1Nkdx0qGkDaVq/TJJBnAXzx2/k5ttXHeveLKPO40dnyaV0ebW/m7THo3nhaY3irFI5Qea3Zlz2uOjAgzBXcUUvWjEbfK7UL,"{""signatureMap"": ""CmQKIJUrz5NuRNasIG5lp8QuIWisH6c+oO0FK/Evw1Nkdx0qGkDaVq/TJJBnAXzx2/k5ttXHeveLKPO40dnyaV0ebW/m7THo3nhaY3irFI5Qea3Zlz2uOjAgzBXcUUvWjEbfK7UL""}",2026-02-04 00:02:07.425335,2026-02-04 00:02:07.425386
93,d38e03141f61411caed223188e473e2b,0.0.4340074,,HashPack,"Sirio Recovery Portal
Request: d38e03141f61411caed223188e473e2b
Account: 0.0.4340074
Timestamp: 2026-02-04T03:30:26.062192+00:00",a7b19f878f775c1409c89383a39b7d6fda17b87ead0259cae8e878c58f0246c2,CmQKIOzq3wq9IUHrIyzlgb/hJpwk3jA29sTi8vzqz1LgohJqGkBNZT5UiWdJ7mF6UY6rFfYrWOeVMUek6EilQcWe2yKJa1nfxsCe5hMZTEvE5cVtXfqcn0x0ED1PMRBNSYxjocwJ,"{""signatureMap"": ""CmQKIOzq3wq9IUHrIyzlgb/hJpwk3jA29sTi8vzqz1LgohJqGkBNZT5UiWdJ7mF6UY6rFfYrWOeVMUek6EilQcWe2yKJa1nfxsCe5hMZTEvE5cVtXfqcn0x0ED1PMRBNSYxjocwJ""}",2026-02-04 03:30:29.966895,2026-02-04 03:30:29.966937
94,e8d4271b63db40269d6fdf9a788fd2a7,0.0.975200,,HashPack,"Sirio Recovery Portal
Request: e8d4271b63db40269d6fdf9a788fd2a7
Account: 0.0.975200
Timestamp: 2026-02-04T06:34:12.330067+00:00",5da52210cbe3d0ce8684fe4ffdf69aea8b8d68a6187b1f83a8e08016ed0255c5,CmQKIESg5Kz1S58xyybelfF+aUhiSbUBXVTRvn7UYeAQCovuGkD0gdtNatEcJNiwYVwL3GLKRTxde/95B75gdPh8Gtgm4TS+lnFddaJo6OkqOiMVG6vkbQmM4tyXGP6Vj9zp7EAD,"{""signatureMap"": ""CmQKIESg5Kz1S58xyybelfF+aUhiSbUBXVTRvn7UYeAQCovuGkD0gdtNatEcJNiwYVwL3GLKRTxde/95B75gdPh8Gtgm4TS+lnFddaJo6OkqOiMVG6vkbQmM4tyXGP6Vj9zp7EAD""}",2026-02-04 06:34:18.496788,2026-02-04 06:34:18.496938
95,8e0f8d03547a468d810ff78f63644745,0.0.458059,,HashPack,"Sirio Recovery Portal
Request: 8e0f8d03547a468d810ff78f63644745
Account: 0.0.458059
Timestamp: 2026-02-04T07:39:10.524483+00:00",bd8a88a07ce40d1400a34d732a3258effba96ffc98b08453d512944f69c8f099,CmQKIOH8KUu0JIGm35UYe6x15DkKlBAvYQ6bw3VjV642WgIzGkCo1+urbEdwSIPkw6SkS+2PMlew+xRJVIE7Fhqq7vgx5sQgg1pfg0OfMvuVNLo9dTc00iBS0Tc0uPgT8bsQxiUB,"{""signatureMap"": ""CmQKIOH8KUu0JIGm35UYe6x15DkKlBAvYQ6bw3VjV642WgIzGkCo1+urbEdwSIPkw6SkS+2PMlew+xRJVIE7Fhqq7vgx5sQgg1pfg0OfMvuVNLo9dTc00iBS0Tc0uPgT8bsQxiUB""}",2026-02-04 07:39:14.123449,2026-02-04 07:39:14.123517
96,b578a10ca67c4263b4cc736657c782ec,0.0.1404401,,HashPack,"Sirio Recovery Portal
Request: b578a10ca67c4263b4cc736657c782ec
Account: 0.0.1404401
Timestamp: 2026-02-04T07:52:01.143806+00:00",1fcd0dc5fbdb3f5af1473350d872d7a58519fb5a3a617d8353d647599a31ce38,CmQKIAz0saU/ggYwWSqSctvXOYTYEBAWKLd7K4g2dE1e8I2AGkAJFAtFI39v0Y7ju55TqrSPy1IlnaZztRe3QWVHqW+GwTV96iwzRghiG463SJyIICbuv4kI9SH5Is9ft9pCQM8N,"{""signatureMap"": ""CmQKIAz0saU/ggYwWSqSctvXOYTYEBAWKLd7K4g2dE1e8I2AGkAJFAtFI39v0Y7ju55TqrSPy1IlnaZztRe3QWVHqW+GwTV96iwzRghiG463SJyIICbuv4kI9SH5Is9ft9pCQM8N""}",2026-02-04 07:52:05.182821,2026-02-04 07:52:05.182884
97,68f984e537ee4c229151565b5030090c,0.0.1097345,,HashPack,"Sirio Recovery Portal
Request: 68f984e537ee4c229151565b5030090c
Account: 0.0.1097345
Timestamp: 2026-02-04T09:11:10.613511+00:00",1d10fbf352f0faaa144bc2f7320db5a6b4baba88a6d1aa8424f3c84e43f6cd6a,CmQKIGYGChl7d1obljBF9Ej9KD5jWnTRaTZpgW/rlozVXoOOGkCK1NQOM5M/Z/9NPTkJFOHUUlUKjKoMMoPYh7Lsb2laIeNF6zec2wtRYiTKRMCVqoIZE3LtKJgfdGEAmXOJv2sE,"{""signatureMap"": ""CmQKIGYGChl7d1obljBF9Ej9KD5jWnTRaTZpgW/rlozVXoOOGkCK1NQOM5M/Z/9NPTkJFOHUUlUKjKoMMoPYh7Lsb2laIeNF6zec2wtRYiTKRMCVqoIZE3LtKJgfdGEAmXOJv2sE""}",2026-02-04 09:11:14.897995,2026-02-04 09:11:14.898046
98,09d1cb5801384e6d9504b88077297616,0.0.1742940,,HashPack,"Sirio Recovery Portal
Request: 09d1cb5801384e6d9504b88077297616
Account: 0.0.1742940
Timestamp: 2026-02-04T09:16:08.738715+00:00",efbb8d327b29aa6504b947c32dc5d5539b8eeedac6eb0edaefe707e395f4fbbb,CmQKIN+/SZ+4Md1pXPYcuOQfyEn0pMuuaomd+CsvE6TwNmLRGkC8g/hgI4pmOvU4am9TDC86QcHKIgK5SkCxlSco+TsPMQdV57mmllrDRpNqqVevfje3IcFSGzId8JWSu2wf36EJ,"{""signatureMap"": ""CmQKIN+/SZ+4Md1pXPYcuOQfyEn0pMuuaomd+CsvE6TwNmLRGkC8g/hgI4pmOvU4am9TDC86QcHKIgK5SkCxlSco+TsPMQdV57mmllrDRpNqqVevfje3IcFSGzId8JWSu2wf36EJ""}",2026-02-04 09:16:14.558555,2026-02-04 09:16:14.558620
99,6d8d365fac194358a220dc032603333b,0.0.6063096,,Kabila,"Sirio Recovery Portal
Request: 6d8d365fac194358a220dc032603333b
Account: 0.0.6063096
Timestamp: 2026-02-04T10:45:33.194382+00:00",a700e3e080e2e392ca7f6ec953a1864853876e36697534c71369a8da20f2f353,CmQKIFIQycj8XAfFBwzNjUhDrYcFaqe/yBnvO9Wkk4odffMnGkAReU/F9bJZ5mRyrU+MY2QkyFK7wjW16ZAGIW/nI/4xfHPV/LgVZ2QJuaTPRCmm2bBzA9Me4E6Xoe1XfCsn89UJ,"{""signatureMap"": ""CmQKIFIQycj8XAfFBwzNjUhDrYcFaqe/yBnvO9Wkk4odffMnGkAReU/F9bJZ5mRyrU+MY2QkyFK7wjW16ZAGIW/nI/4xfHPV/LgVZ2QJuaTPRCmm2bBzA9Me4E6Xoe1XfCsn89UJ""}",2026-02-04 10:45:43.216170,2026-02-04 10:45:43.216234
100,f2c8cd1202164b9da7a56e4fc37ea002,0.0.4253136,,HashPack,"Sirio Recovery Portal
Request: f2c8cd1202164b9da7a56e4fc37ea002
Account: 0.0.4253136
Timestamp: 2026-02-04T12:13:17.379418+00:00",d181b699937bc406697ba9327587dc5775817e329698fe6381670e9697bab600,CmQKIN8GYWKUwxgmEMdu+0dlCxn+0q4WxXkK0fyKUIOdGuAaGkBhM1ahI3FtSmq0w9m1OSA4oGFEQnDBwozyCg/UBCyd422D6RovpWOHxYezCluOmjlXeJhO7fwxsR/Gb/Yuem8G,"{""signatureMap"": ""CmQKIN8GYWKUwxgmEMdu+0dlCxn+0q4WxXkK0fyKUIOdGuAaGkBhM1ahI3FtSmq0w9m1OSA4oGFEQnDBwozyCg/UBCyd422D6RovpWOHxYezCluOmjlXeJhO7fwxsR/Gb/Yuem8G""}",2026-02-04 12:13:21.917900,2026-02-04 12:13:21.917966
101,2d6a4990faec46298f6ea89f6af78559,0.0.4561175,,HashPack,"Sirio Recovery Portal
Request: 2d6a4990faec46298f6ea89f6af78559
Account: 0.0.4561175
Timestamp: 2026-02-04T14:14:00.744259+00:00",6def79be797420ed1000037d0dccb1083fb6b3e16ba09fb78b38ec95b913e6b1,CmQKIMMqVj7jm+DrUoc1JTZTV+ufv8LLY+aeow3b4vqZXqnZGkBf44Lzt5EYY6d4rcKXS6+zGgl5FX0Yl/R9//XY5We55FMXShInN2kNqASjCySfmQNEx4dOsKdy1STCkmipoPQC,"{""signatureMap"": ""CmQKIMMqVj7jm+DrUoc1JTZTV+ufv8LLY+aeow3b4vqZXqnZGkBf44Lzt5EYY6d4rcKXS6+zGgl5FX0Yl/R9//XY5We55FMXShInN2kNqASjCySfmQNEx4dOsKdy1STCkmipoPQC""}",2026-02-04 14:14:06.024475,2026-02-04 14:14:06.024529
102,80df2b0a6a5043418fa7f242ca9d60cd,0.0.5106932,,HashPack,"Sirio Recovery Portal
Request: 80df2b0a6a5043418fa7f242ca9d60cd
Account: 0.0.5106932
Timestamp: 2026-02-04T16:04:10.043636+00:00",3b4398703bec0dd2ce638c8f9a879375f2072ad6709f71b58cb9dbcc8baa9746,CmQKIPETK2gIPl32+NZDiGkshjK5O/w32IUV4hRSbqxR8zCSGkDNQv2Uc2yB9C8mIhdACdH/ap+gumMbByO7IqoEOKd0s1QUqh12CFb6OVZEb+UUxFORIGXfojWysw4XdxBykpoN,"{""signatureMap"": ""CmQKIPETK2gIPl32+NZDiGkshjK5O/w32IUV4hRSbqxR8zCSGkDNQv2Uc2yB9C8mIhdACdH/ap+gumMbByO7IqoEOKd0s1QUqh12CFb6OVZEb+UUxFORIGXfojWysw4XdxBykpoN""}",2026-02-04 16:04:19.239313,2026-02-04 16:04:19.239380
103,3b947e3c5dea442b8b0581289484abef,0.0.4758385,,HashPack,"Sirio Recovery Portal
Request: 3b947e3c5dea442b8b0581289484abef
Account: 0.0.4758385
Timestamp: 2026-02-04T19:03:52.371505+00:00",98f60bbfd0f64f067fdbadc3cc68543d9d323bad8bcd88f94fecc48edb4fa66c,CmQKIAgWI7/NuSl5EaOTtyNn+y9s9WfyGHHANXfHAaRfGZySGkDJ6XsmUbcaivwV4OgBDhTRpkKF8Jjfk7Adzq3YUvr46AB3D1ArdB22DdzISruKf7cGfT56TkDv0AsptZJVlvwB,"{""signatureMap"": ""CmQKIAgWI7/NuSl5EaOTtyNn+y9s9WfyGHHANXfHAaRfGZySGkDJ6XsmUbcaivwV4OgBDhTRpkKF8Jjfk7Adzq3YUvr46AB3D1ArdB22DdzISruKf7cGfT56TkDv0AsptZJVlvwB""}",2026-02-04 19:04:44.848437,2026-02-04 19:04:44.848500
104,a59a15199b394377ac582a4e2aeaec33,0.0.7060192,,Kabila,"Sirio Recovery Portal
Request: a59a15199b394377ac582a4e2aeaec33
Account: 0.0.7060192
Timestamp: 2026-02-04T21:21:29.961369+00:00",6a5d7bde2ab658dab3f3d67a3c3d752e55082fb54974e86251f9b8195778e27b,CmQKICC8oEiuCrROzQbC9nsX+RG2soTWmiuIJRkhpxTUI4m8GkBjZcIVgBOBvStl3cMuAftsm2oaWbgMJUZ8x3Ce5MH0TLEPNUgkiyzZwktXSM9UZTMAuArAZTDushBoXbxfNnIM,"{""signatureMap"": ""CmQKICC8oEiuCrROzQbC9nsX+RG2soTWmiuIJRkhpxTUI4m8GkBjZcIVgBOBvStl3cMuAftsm2oaWbgMJUZ8x3Ce5MH0TLEPNUgkiyzZwktXSM9UZTMAuArAZTDushBoXbxfNnIM""}",2026-02-04 21:21:37.896845,2026-02-04 21:21:37.896890
105,6b504cc46f0a4176a521dc733bd1966b,0.0.8152485,,HashPack,"Sirio Recovery Portal
Request: 6b504cc46f0a4176a521dc733bd1966b
Account: 0.0.8152485
Timestamp: 2026-02-04T21:37:39.551440+00:00",a29b1348dd6c3fffe39b4e05e9025aa90eb7b9d87b6204a568566b8186193aba,CmUKIQJpMSEJ7LAFdm880VK30Mwnr3It8xvTwJ2vk5X/w2yrSzJAvkDeK6HYCuoMUeoNvJ5cd74hJqwjFtJTKsGSPwv3pQ0HDH6E4TrDmLZgUlGyqS+SviPDMEdNFKEjr5m8XHs4eg==,"{""signatureMap"": ""CmUKIQJpMSEJ7LAFdm880VK30Mwnr3It8xvTwJ2vk5X/w2yrSzJAvkDeK6HYCuoMUeoNvJ5cd74hJqwjFtJTKsGSPwv3pQ0HDH6E4TrDmLZgUlGyqS+SviPDMEdNFKEjr5m8XHs4eg==""}",2026-02-04 21:37:47.690711,2026-02-04 21:37:47.690768
106,826290f6e8af4140abaa2d390aa8ba12,0.0.8142971,,HashPack,"Sirio Recovery Portal
Request: 826290f6e8af4140abaa2d390aa8ba12
Account: 0.0.8142971
Timestamp: 2026-02-04T21:45:28.626882+00:00",cc01a63bb2ecfaf10d999c1d790738f7cbb2321647eb9f19d87888de75e4142c,CmUKIQKAst4jtBTXnwh0Jv6BNwgbgJmyv8pAcdsOHnj8mw8UYTJARmzG1redOYtxWLpsZ/gbKyqW0O68yq6IqOhJs1yUk3w8kSy0/PXlRSBd08vED76Jod9q+qgY2LGl4f0+5VtOhg==,"{""signatureMap"": ""CmUKIQKAst4jtBTXnwh0Jv6BNwgbgJmyv8pAcdsOHnj8mw8UYTJARmzG1redOYtxWLpsZ/gbKyqW0O68yq6IqOhJs1yUk3w8kSy0/PXlRSBd08vED76Jod9q+qgY2LGl4f0+5VtOhg==""}",2026-02-04 21:45:59.532783,2026-02-04 21:45:59.532821
107,105a6da93d924fc2a6f96876a2395087,0.0.7785180,,HashPack,"Sirio Recovery Portal
Request: 105a6da93d924fc2a6f96876a2395087
Account: 0.0.7785180
Timestamp: 2026-02-04T21:54:58.677077+00:00",3513bd5d09e4644b9c4f57c146ade2be59da14de332e116605008c19ef79fd85,CmQKIOXF3jEzbJBsP2Rt6UBaga5jRDlhWkowZgkb2UTy/f20GkBuDzlNurVJgeISjxtoKiNIGP4tpZBW6FzXbrFzPmWX4OHRMy4/oaZOXkFqv5sNdhLPmYLGlViSQj0o/pBlGFAA,"{""signatureMap"": ""CmQKIOXF3jEzbJBsP2Rt6UBaga5jRDlhWkowZgkb2UTy/f20GkBuDzlNurVJgeISjxtoKiNIGP4tpZBW6FzXbrFzPmWX4OHRMy4/oaZOXkFqv5sNdhLPmYLGlViSQj0o/pBlGFAA""}",2026-02-04 21:55:08.703925,2026-02-04 21:55:08.703970
108,5fe7f3d1a4fc4c0eac2e1a8694c0f22c,0.0.792532,,HashPack,"Sirio Recovery Portal
Request: 5fe7f3d1a4fc4c0eac2e1a8694c0f22c
Account: 0.0.792532
Timestamp: 2026-02-05T01:30:32.539328+00:00",b65ae414de946167e03fd4701b5bb3ae39a830fe5245e21423712a258d27bd88,CmQKIAjGyBi3Tf1V++1/X4YL6O0KFP1FHDL9e8IuMZca1x5EGkBUjMuCFcaj/8HkZxcZ4GrUOTFCuBgcPLZIlH/LfJknQ+Mb0UdB1Zi+vDJBDMkjJAWxknd0rbd0Go0tL9s9+OIF,"{""signatureMap"": ""CmQKIAjGyBi3Tf1V++1/X4YL6O0KFP1FHDL9e8IuMZca1x5EGkBUjMuCFcaj/8HkZxcZ4GrUOTFCuBgcPLZIlH/LfJknQ+Mb0UdB1Zi+vDJBDMkjJAWxknd0rbd0Go0tL9s9+OIF""}",2026-02-05 01:30:37.182229,2026-02-05 01:30:37.182281
109,88eb8429d83a4111b573081ca36a372a,0.0.3965809,,WalletConnect,"Sirio Recovery Portal
Request: 88eb8429d83a4111b573081ca36a372a
Account: 0.0.3965809
Timestamp: 2026-02-05T11:34:42.309521+00:00",fa6787f81e3ced1f1ce988da5d54b92ab08e6947c1e703ff2abff4c1bbbaf539,CmQKIA2PP+KomgOPq7vl/44MrZOIkYvaf1dd9nL82di21WZ+GkA+//lQ6Tpmg9w6aXxJUqfE+1zjxJGrMvuKGgN8LZbxl8/rFArD5oo2V8f8SbkIylJ/srDFOboNa02B1G3SfGgC,"{""userSignature"": ""CmQKIA2PP+KomgOPq7vl/44MrZOIkYvaf1dd9nL82di21WZ+GkA+//lQ6Tpmg9w6aXxJUqfE+1zjxJGrMvuKGgN8LZbxl8/rFArD5oo2V8f8SbkIylJ/srDFOboNa02B1G3SfGgC""}",2026-02-05 11:34:53.251713,2026-02-05 11:34:53.251833
110,f410f879221d4cccaf50b375f5ad1599,0.0.634576,,HashPack,"Sirio Recovery Portal
Request: f410f879221d4cccaf50b375f5ad1599
Account: 0.0.634576
Timestamp: 2026-02-05T19:44:59.361288+00:00",839de8700fde802d9883bc843d51dfc5d6e1d56f43dcc3a299085c43b6d6e285,CmQKILldAWoI6FqW5uoUCMWWN0OVij7NE4Y9qFhZq+b+Vv2CGkC0O+Ie/2R0KdZh4cQrjGGsfy+UR+JzZXPCrsNcR8YyjxVFLaWRkV3KdhSpU+u5XFfbsppqRC9MA/2oB6CszfkJ,"{""signatureMap"": ""CmQKILldAWoI6FqW5uoUCMWWN0OVij7NE4Y9qFhZq+b+Vv2CGkC0O+Ie/2R0KdZh4cQrjGGsfy+UR+JzZXPCrsNcR8YyjxVFLaWRkV3KdhSpU+u5XFfbsppqRC9MA/2oB6CszfkJ""}",2026-02-05 19:45:03.128216,2026-02-05 19:45:03.128284
111,5a24db21010a4c80b53c7510adbdb15e,0.0.512044,,HashPack,"Sirio Recovery Portal
Request: 5a24db21010a4c80b53c7510adbdb15e
Account: 0.0.512044
Timestamp: 2026-02-05T19:47:02.311723+00:00",6ab0eba54ef5b1be737c82cc03fd29703f0fd2ad72a0418205b01c46b5110c08,CmQKICJEgjHUzwkt0hFkrl2LZ58MJ8QX+LUrXCg/7YqMzh4UGkBwEYE29aTREQsI9W7SBovLQe6stGIAGSiwqLP/l5lPYDlSCLVFoONT5MDCyLnycxVf3e5afmQO8ArsYkvWpTIP,"{""signatureMap"": ""CmQKICJEgjHUzwkt0hFkrl2LZ58MJ8QX+LUrXCg/7YqMzh4UGkBwEYE29aTREQsI9W7SBovLQe6stGIAGSiwqLP/l5lPYDlSCLVFoONT5MDCyLnycxVf3e5afmQO8ArsYkvWpTIP""}",2026-02-05 19:47:06.361217,2026-02-05 19:47:06.361267
112,54329e0484d94dbbb2d85492a11aa99c,0.0.4595969,,HashPack,"Sirio Recovery Portal
Request: 54329e0484d94dbbb2d85492a11aa99c
Account: 0.0.4595969
Timestamp: 2026-02-05T20:50:17.726179+00:00",17de744b44f25444de04a465de10be5a5fe1c020c63299834c7fe585bf498070,CmQKIHPB/ckF6aXArF/kxBdZzZZlVGQQlyIuTFEYr8F1Ntm9GkBX9Mbs8B+HnPsIF0YPcaU8SsUU9mlj7fYgu0Re3fYJUmqW1gkKkeSJgMMWhaSWCuHMiLVsTi5yvNdfmPdY840H,"{""signatureMap"": ""CmQKIHPB/ckF6aXArF/kxBdZzZZlVGQQlyIuTFEYr8F1Ntm9GkBX9Mbs8B+HnPsIF0YPcaU8SsUU9mlj7fYgu0Re3fYJUmqW1gkKkeSJgMMWhaSWCuHMiLVsTi5yvNdfmPdY840H""}",2026-02-05 20:50:23.603249,2026-02-05 20:50:23.603453
113,c161d8c87bf14f3e9bd5fa1b5a574681,0.0.3760539,,HashPack,"Sirio Recovery Portal
Request: c161d8c87bf14f3e9bd5fa1b5a574681
Account: 0.0.3760539
Timestamp: 2026-02-06T00:56:45.677734+00:00",f610eaf978a08d123507a2e0939ddaa2d815d87a2b4ddfb08e30edba174758f4,CmQKIAcHA0xEjCnfF+Kq73dTHfc3c4CV6+zEu+ilnnLVnTaXGkDU7PpEyh/KL2N2OApuEclt0EwCgh0BKIrctyKJZN5TB5J8lfDePWDwr1eNBrAkLD3GNkHAzqBZDVS5NGHzpLwK,"{""signatureMap"": ""CmQKIAcHA0xEjCnfF+Kq73dTHfc3c4CV6+zEu+ilnnLVnTaXGkDU7PpEyh/KL2N2OApuEclt0EwCgh0BKIrctyKJZN5TB5J8lfDePWDwr1eNBrAkLD3GNkHAzqBZDVS5NGHzpLwK""}",2026-02-06 00:56:49.916010,2026-02-06 00:56:49.916049
114,727cd01d635e48b09856adc18dea96e5,0.0.3687967,,WalletConnect,"Sirio Recovery Portal
Request: 727cd01d635e48b09856adc18dea96e5
Account: 0.0.3687967
Timestamp: 2026-02-06T01:48:43.324515+00:00",efc77eace10f8cdc7a5ae3df85dbb6a4b35546f5e9837f26b3e126304dd4f64a,CmQKIFMqR2pz2Ye+B423dEVDufFnBbBSlBW50x8uRzpTmw5EGkDlf4OLAcsva68C9BSvb8aipVYiW93qz/r+XO0tkl0927SXks742Ma/0qRhOTPAmr4+rnPV6TBNPaagki6qSz8J,"{""userSignature"": ""CmQKIFMqR2pz2Ye+B423dEVDufFnBbBSlBW50x8uRzpTmw5EGkDlf4OLAcsva68C9BSvb8aipVYiW93qz/r+XO0tkl0927SXks742Ma/0qRhOTPAmr4+rnPV6TBNPaagki6qSz8J""}",2026-02-06 01:48:51.626546,2026-02-06 01:48:51.626592
115,6906210d3a5e4511b5ef762012223262,0.0.5171340,,WalletConnect,"Sirio Recovery Portal
Request: 6906210d3a5e4511b5ef762012223262
Account: 0.0.5171340
Timestamp: 2026-02-06T01:51:47.521279+00:00",6acfae2db997a884f78db6ee97091b30ca66184f9d712f2d8118d3bb6fec75b8,CmQKIOrs3RvO2cwUXR2esuHmi3sys1J4GNgMtlXQTuuZ5aO4GkD7AlJxe2UBZTrIHytqRtkXxIP0VXl8wd5EE/KW1NuQb6NGKVsNqUwbsb+9Z+STHHAqLul7llFLHZTB2U3haQwB,"{""userSignature"": ""CmQKIOrs3RvO2cwUXR2esuHmi3sys1J4GNgMtlXQTuuZ5aO4GkD7AlJxe2UBZTrIHytqRtkXxIP0VXl8wd5EE/KW1NuQb6NGKVsNqUwbsb+9Z+STHHAqLul7llFLHZTB2U3haQwB""}",2026-02-06 01:51:54.833618,2026-02-06 01:51:54.833666
116,36f26bae9c044e22854c9278352176f0,0.0.8147681,,HashPack,"Sirio Recovery Portal
Request: 36f26bae9c044e22854c9278352176f0
Account: 0.0.8147681
Timestamp: 2026-02-06T05:31:13.341634+00:00",8404c9715dcd66688c7ffff7dfea5af422f26c9b22f02d25a8a3a2740e195e1d,CmQKIGBM/0EOPzO8jCI1AnW9cAe9THBkReUMVujYIJUUL2GLGkDQLrPVTQMbydhT4Z6xWLXDKRHdBFvc5AZfKp1KQ2dLUZ92IAY5CCrjvzqeFLSADiCDd6hsp4c/lZlEgLtpxPYA,"{""signatureMap"": ""CmQKIGBM/0EOPzO8jCI1AnW9cAe9THBkReUMVujYIJUUL2GLGkDQLrPVTQMbydhT4Z6xWLXDKRHdBFvc5AZfKp1KQ2dLUZ92IAY5CCrjvzqeFLSADiCDd6hsp4c/lZlEgLtpxPYA""}",2026-02-06 05:31:17.442172,2026-02-06 05:31:17.442226
117,777a44dc30e8443b8302dfcaf050dee9,0.0.8158611,,HashPack,"Sirio Recovery Portal
Request: 777a44dc30e8443b8302dfcaf050dee9
Account: 0.0.8158611
Timestamp: 2026-02-06T11:18:04.176657+00:00",67d3b7c79b65b29ccbb4498d641b2268c2e63e72c2f45e0edeff0eeb39af5a1d,CmQKIF3U8eMymQq+6jKNccyB/75PP2Hx2toqnORoArM96R1eGkDKP3l79JWwYAxX3nU4Wybkkl2koTegSkBu7Qd0d3lgXFIsjoXKhWudZDrFWT03G2r3hC4ociM9xLgzYbsXbF0M,"{""signatureMap"": ""CmQKIF3U8eMymQq+6jKNccyB/75PP2Hx2toqnORoArM96R1eGkDKP3l79JWwYAxX3nU4Wybkkl2koTegSkBu7Qd0d3lgXFIsjoXKhWudZDrFWT03G2r3hC4ociM9xLgzYbsXbF0M""}",2026-02-06 11:18:10.524326,2026-02-06 11:18:10.524370
118,edb17b108bc3445a95edfb9fcb437538,0.0.4701500,,HashPack,"Sirio Recovery Portal
Request: edb17b108bc3445a95edfb9fcb437538
Account: 0.0.4701500
Timestamp: 2026-02-06T11:46:57.914234+00:00",ebf36bffb73c4efe56936fd773b4d4a3447b5385aa88909a9b63b220bd478802,CmQKIB4vl4vzCaBmgRK3Epk/6T6BNmnCGZR8D5e5UxVB5H0oGkBhHfb7y3uCYvyubj0E2s+wXhY75fIzHb83ByrLPDgu/uX1lRycLYGGmFuyWpU8dJCEkp/4F7O0mp/z7Q0g8H4E,"{""signatureMap"": ""CmQKIB4vl4vzCaBmgRK3Epk/6T6BNmnCGZR8D5e5UxVB5H0oGkBhHfb7y3uCYvyubj0E2s+wXhY75fIzHb83ByrLPDgu/uX1lRycLYGGmFuyWpU8dJCEkp/4F7O0mp/z7Q0g8H4E""}",2026-02-06 11:47:05.615882,2026-02-06 11:47:05.615935
119,aabec7b96233449b92e2f614a1767067,0.0.1478185,,HashPack,"Sirio Recovery Portal
Request: aabec7b96233449b92e2f614a1767067
Account: 0.0.1478185
Timestamp: 2026-02-06T12:01:25.506525+00:00",13950bc962dc491e512fc7a46ac681e0c4d80d3df498aa32cc833dce13c59f87,CmQKIEjrzGIRd01iXi6kDZ+t34LkyxnQLvvS5/oc6H7E6YOdGkBoFYZ9kLtJckdeoU8DDr1DKX3DiF7Z3ukD9T/gk7qIzTq2URH338B6fdW1ZDrrH24XFiyVd8hhJovZ/Rabrv0O,"{""signatureMap"": ""CmQKIEjrzGIRd01iXi6kDZ+t34LkyxnQLvvS5/oc6H7E6YOdGkBoFYZ9kLtJckdeoU8DDr1DKX3DiF7Z3ukD9T/gk7qIzTq2URH338B6fdW1ZDrrH24XFiyVd8hhJovZ/Rabrv0O""}",2026-02-06 12:01:28.228452,2026-02-06 12:01:28.228497
120,74139c203fba48dfb62d992a02b712de,0.0.848305,,HashPack,"Sirio Recovery Portal
Request: 74139c203fba48dfb62d992a02b712de
Account: 0.0.848305
Timestamp: 2026-02-06T12:15:31.215912+00:00",23d1486ad0d8452f222a109a8086ac7269343a06224b26841e04471449cab9f7,CmQKIIH7OdACd06uo6Cm3ExKurpS7bKMOc7n4recFv2iunOSGkBnP/iBQ5QTOs5iZIKc8zg1kyLVMzdUCZ12fO5Tv+9dwAHn2Ym42L5hCzvbAajOsu00iKFTM4aEzzf3gNqcpI8I,"{""signatureMap"": ""CmQKIIH7OdACd06uo6Cm3ExKurpS7bKMOc7n4recFv2iunOSGkBnP/iBQ5QTOs5iZIKc8zg1kyLVMzdUCZ12fO5Tv+9dwAHn2Ym42L5hCzvbAajOsu00iKFTM4aEzzf3gNqcpI8I""}",2026-02-06 12:15:33.652876,2026-02-06 12:15:33.652931
121,688de34eed6643bb9cc2d65237a637c1,0.0.973889,,HashPack,"Sirio Recovery Portal
Request: 688de34eed6643bb9cc2d65237a637c1
Account: 0.0.973889
Timestamp: 2026-02-06T14:48:02.756793+00:00",8784f5066bc129249747f319a8a51aad54490dec9e8b3059f5fcafb8c653c11b,CmQKIC9BxtYdC7RhR2tkzxnx5445so6TXkaKkF2bax/UFIK8GkDkMc4gV59NF/g07tatU5eFDoDoYceE3zuepY9vUGthmm6pskrgGY1aVKCbLaEDKJ6ygVME0441QLA7iOs3xysB,"{""signatureMap"": ""CmQKIC9BxtYdC7RhR2tkzxnx5445so6TXkaKkF2bax/UFIK8GkDkMc4gV59NF/g07tatU5eFDoDoYceE3zuepY9vUGthmm6pskrgGY1aVKCbLaEDKJ6ygVME0441QLA7iOs3xysB""}",2026-02-06 14:48:06.198147,2026-02-06 14:48:06.198223
122,61536ac460d54bb7afaac0142523bf44,0.0.4046889,,HashPack,"Sirio Recovery Portal
Request: 61536ac460d54bb7afaac0142523bf44
Account: 0.0.4046889
Timestamp: 2026-02-06T16:52:01.246988+00:00",786175ff5e33badb433d29ffee3583ed650936289181a6e550b0df81f3e6a607,CmQKIGY0RtXkvADPz8oEkhoPumP33f8DepnGZL9KdwHjFZqvGkBPZfuPxZdK2NM/JuvjKnnXUIQUOaLVB74m8bwtWiN316xTikuOuObtAWOhOFFAw5zI81y6Opbo47UZj/iaiCYC,"{""signatureMap"": ""CmQKIGY0RtXkvADPz8oEkhoPumP33f8DepnGZL9KdwHjFZqvGkBPZfuPxZdK2NM/JuvjKnnXUIQUOaLVB74m8bwtWiN316xTikuOuObtAWOhOFFAw5zI81y6Opbo47UZj/iaiCYC""}",2026-02-06 16:52:10.360779,2026-02-06 16:52:10.360832
123,05e28401749140e8afb6f0e0abbcdbc2,0.0.790788,,HashPack,"Sirio Recovery Portal
Request: 05e28401749140e8afb6f0e0abbcdbc2
Account: 0.0.790788
Timestamp: 2026-02-06T17:54:36.268390+00:00",854d42d1b35cd5265d4732455ce276f8730ca25b9a4e8d90d81c2bacd3472a6e,CmQKIHD0GkaR3hAWh8GwX2UtRc1Mwce4u+n0ul/FLZ/JftozGkBzDIy8R8J0ZGJz75C5cPHm4VENJunDAtTtFbvU04KYNbMhpX4U4kVyjJ95r1T+1vK7fzL5E1C7UK5g22Wv8rEM,"{""signatureMap"": ""CmQKIHD0GkaR3hAWh8GwX2UtRc1Mwce4u+n0ul/FLZ/JftozGkBzDIy8R8J0ZGJz75C5cPHm4VENJunDAtTtFbvU04KYNbMhpX4U4kVyjJ95r1T+1vK7fzL5E1C7UK5g22Wv8rEM""}",2026-02-06 17:54:39.241178,2026-02-06 17:54:39.241222
124,b558f3596901456cbe15ad2d5cad7418,0.0.793318,,HashPack,"Sirio Recovery Portal
Request: b558f3596901456cbe15ad2d5cad7418
Account: 0.0.793318
Timestamp: 2026-02-06T17:55:32.499261+00:00",1fce1ade7aabbc315bff12c7f019160cc4b3e302ebc20d809a532182188cf233,CmQKIAeoyYofUk3ek5QFY5Xkr6z9pe6dd8wWkj2wwrOSwf7uGkCegnNyr2Ltpc6YBjT6K4VUg8ERVDD01i2/tP8wok6zNdVkneBFgUwni2cErYXAJ8t6ErNAaXNRNdJwqD5JWqwD,"{""signatureMap"": ""CmQKIAeoyYofUk3ek5QFY5Xkr6z9pe6dd8wWkj2wwrOSwf7uGkCegnNyr2Ltpc6YBjT6K4VUg8ERVDD01i2/tP8wok6zNdVkneBFgUwni2cErYXAJ8t6ErNAaXNRNdJwqD5JWqwD""}",2026-02-06 17:55:39.130654,2026-02-06 17:55:39.130709
125,2e5abd525b404e439877663e21da9c76,0.0.4312340,,HashPack,"Sirio Recovery Portal
Request: 2e5abd525b404e439877663e21da9c76
Account: 0.0.4312340
Timestamp: 2026-02-06T18:34:48.221686+00:00",55aa5485ce664ee5b4df36cd12248eb4bf615c16122749d51398c8f24e8537e9,CmQKIKh1Qcm+ibthkzsUlQC+w3f1AMCmgClIs2cLCFdOs1kHGkBFckv4bEiSz2HvAkL/ujctoD/oU2a7e373FMlouqvzmpf8GaChk2z95Yyg+bL74Vqq42Lj2cwzIuHyqrgafosP,"{""signatureMap"": ""CmQKIKh1Qcm+ibthkzsUlQC+w3f1AMCmgClIs2cLCFdOs1kHGkBFckv4bEiSz2HvAkL/ujctoD/oU2a7e373FMlouqvzmpf8GaChk2z95Yyg+bL74Vqq42Lj2cwzIuHyqrgafosP""}",2026-02-06 18:34:53.028002,2026-02-06 18:34:53.028052
126,c836242ebcbc426eade055ae031700f2,0.0.4641568,,HashPack,"Sirio Recovery Portal
Request: c836242ebcbc426eade055ae031700f2
Account: 0.0.4641568
Timestamp: 2026-02-06T18:42:22.761865+00:00",8bfbc0862ef85685c29d28a5c596a4ecb1e04ff6a363872fcd475cabbfde5314,CmQKIB/8BU09W6HcnGQZ78utv5wcX5egx4tBQA8SrOGhqC3ZGkBeBc5tmwEQquC6Dd22kWHF5pr/e22/5cpbAOHnMFKdWL/F2kgwbLW46dE/WzakvcfnOBfwUGNhqZvpvpawLTgN,"{""signatureMap"": ""CmQKIB/8BU09W6HcnGQZ78utv5wcX5egx4tBQA8SrOGhqC3ZGkBeBc5tmwEQquC6Dd22kWHF5pr/e22/5cpbAOHnMFKdWL/F2kgwbLW46dE/WzakvcfnOBfwUGNhqZvpvpawLTgN""}",2026-02-06 18:42:28.413356,2026-02-06 18:42:28.413407
127,a77c5f95bee0450e90be501b239f340e,0.0.8131324,,HashPack,"Sirio Recovery Portal
Request: a77c5f95bee0450e90be501b239f340e
Account: 0.0.8131324
Timestamp: 2026-02-06T21:08:46.228778+00:00",1b60027a097ec4797cd74c0338c93622eec0414955004f5db766e26971ee652f,CmQKIFArUOfHJ/XXlnhDME8VbdjJFKhHX2rLva0GFHRwv4ySGkDudw7nWB9/E21b2VLOvTHF5+zznz6WDxSbhmeLIu0hzW3OsvsxQ6YBoa+bGVdRpKC4sC5PtJ/D2S8MLcYipfkB,"{""signatureMap"": ""CmQKIFArUOfHJ/XXlnhDME8VbdjJFKhHX2rLva0GFHRwv4ySGkDudw7nWB9/E21b2VLOvTHF5+zznz6WDxSbhmeLIu0hzW3OsvsxQ6YBoa+bGVdRpKC4sC5PtJ/D2S8MLcYipfkB""}",2026-02-06 21:08:54.267451,2026-02-06 21:08:54.267515
128,74c46ea288c2427ab8d75893e8140262,0.0.1314552,,WalletConnect,"Sirio Recovery Portal
Request: 74c46ea288c2427ab8d75893e8140262
Account: 0.0.1314552
Timestamp: 2026-02-07T12:34:47.016425+00:00",1831016c1fa993312bf6067daae05cef5866a640a30475c3e37e6917ba2ea93a,CmQKIBIvRx4MIGKOVYEvW8ZPbKsN0qE4icH/FYnGg0/JfMgkGkCN4O0WXZioI6GtejowtMBf3/N1m71VGqo8cTvIGSwJVN5K1bEo2xcM++8+cLgAirQ0Mkj4Wlb3JEDJM/JYEO4M,"{""userSignature"": ""CmQKIBIvRx4MIGKOVYEvW8ZPbKsN0qE4icH/FYnGg0/JfMgkGkCN4O0WXZioI6GtejowtMBf3/N1m71VGqo8cTvIGSwJVN5K1bEo2xcM++8+cLgAirQ0Mkj4Wlb3JEDJM/JYEO4M""}",2026-02-07 12:34:51.731697,2026-02-07 12:34:51.731740
129,5f5aa52b55d74518b82db4dc50b34275,0.0.4591759,,WalletConnect,"Sirio Recovery Portal
Request: 5f5aa52b55d74518b82db4dc50b34275
Account: 0.0.4591759
Timestamp: 2026-02-07T14:16:42.129340+00:00",b2695706e5bdfdabba8b1172536988b518bf41e52683dfca8da091a8efae3a61,CmQKIEBiNZyZBRiW5uR/jjJomrvLUq+y6fK1rHz4uf5+1estGkDw9nV8cMayyhlAqIzkeWFxIfnVRqGipINMHJkpzCV4lPVI6XQnS06bs8VeeCT4Y3artBRH2AH1KPfd7Vyi7pgM,"{""userSignature"": ""CmQKIEBiNZyZBRiW5uR/jjJomrvLUq+y6fK1rHz4uf5+1estGkDw9nV8cMayyhlAqIzkeWFxIfnVRqGipINMHJkpzCV4lPVI6XQnS06bs8VeeCT4Y3artBRH2AH1KPfd7Vyi7pgM""}",2026-02-07 14:20:19.828589,2026-02-07 14:20:19.828644
130,2ff77d8d1ce1446abe1feadbe6dcbd31,0.0.832190,,HashPack,"Sirio Recovery Portal
Request: 2ff77d8d1ce1446abe1feadbe6dcbd31
Account: 0.0.832190
Timestamp: 2026-02-07T17:42:31.960886+00:00",2edef765fa2aac27c9f2bfbdb56535e6b14196dce585886c2f4732c136c53320,CmQKIOsoXZK1CTsuAueLOYYNAd1Cj7dCxwqkTKP47YO10bD4GkCVepEpAC9Huz7WGBsI4ZxuRO4QifoBkUfHvr95hGHqFoMLFahoc/UueT+O3BEo6QV8xXafmobiYjiXWgdWGLsP,"{""signatureMap"": ""CmQKIOsoXZK1CTsuAueLOYYNAd1Cj7dCxwqkTKP47YO10bD4GkCVepEpAC9Huz7WGBsI4ZxuRO4QifoBkUfHvr95hGHqFoMLFahoc/UueT+O3BEo6QV8xXafmobiYjiXWgdWGLsP""}",2026-02-07 17:42:33.466790,2026-02-07 17:42:33.466835
131,924c70c4b1fe43baab78b08e0d3cd38f,0.0.5195606,,HashPack,"Sirio Recovery Portal
Request: 924c70c4b1fe43baab78b08e0d3cd38f
Account: 0.0.5195606
Timestamp: 2026-02-07T21:30:59.626829+00:00",654f2f629a4d401cd2714af345a8346becbc8068a5bd7a82b149e8e9a2ee1317,CmQKIBM+h2l59F3KNi8mSe0WoDOBJZCKgK8znk+Rsoz2nr6vGkCt86j0TVnJssTK6M0aXPnSq3b6l+fVYR5aj8jHlXIjQO7k/3ghd68ynzU96TYtEI1uZAds9m4f7q2AaoT7Fe0N,"{""signatureMap"": ""CmQKIBM+h2l59F3KNi8mSe0WoDOBJZCKgK8znk+Rsoz2nr6vGkCt86j0TVnJssTK6M0aXPnSq3b6l+fVYR5aj8jHlXIjQO7k/3ghd68ynzU96TYtEI1uZAds9m4f7q2AaoT7Fe0N""}",2026-02-07 21:31:04.917082,2026-02-07 21:31:04.917134
132,fa47c1813ba34218849c261fdeb5f337,0.0.445590,,HashPack,"Sirio Recovery Portal
Request: fa47c1813ba34218849c261fdeb5f337
Account: 0.0.445590
Timestamp: 2026-02-08T00:38:23.517433+00:00",4e189fca54f207f8bccda0c465e163c283a0abc11165583273ee761ff45cc217,CmQKIP92K7/0HFOuKzf8ssnvBXZw04C5HvcqUJfjvOMG+tFEGkB20/37aWZRBFX1bGGjbZcaa4l0kNNqxyKcuAHDv+IpkwV6mPPK+dQXODCuyvhItR6D8LQ+GMIlLBJezazHXDsG,"{""signatureMap"": ""CmQKIP92K7/0HFOuKzf8ssnvBXZw04C5HvcqUJfjvOMG+tFEGkB20/37aWZRBFX1bGGjbZcaa4l0kNNqxyKcuAHDv+IpkwV6mPPK+dQXODCuyvhItR6D8LQ+GMIlLBJezazHXDsG""}",2026-02-08 00:38:27.592531,2026-02-08 00:38:27.592568
133,5121c680c95143738b5682fb88be448a,0.0.8193911,,Kabila,"Sirio Recovery Portal
Request: 5121c680c95143738b5682fb88be448a
Account: 0.0.8193911
Timestamp: 2026-02-08T07:13:45.130313+00:00",2ceb84e13f8fb4eb3be447c5c76b3ba1287c565dd2cbe3477a906303619a7efa,CmQKIONq3aX5ZRhzI1/6l8WqetZSrfpwLEjGiHM3RSCdUgQrGkAxq6+nUJ+ie4ZCKfVPK5SgIY/axk3PpMRXpsowGnVpo9whHMLeJms+v8FmWrCOW58MBimNR5OmSU/EGaQmVmYH,"{""signatureMap"": ""CmQKIONq3aX5ZRhzI1/6l8WqetZSrfpwLEjGiHM3RSCdUgQrGkAxq6+nUJ+ie4ZCKfVPK5SgIY/axk3PpMRXpsowGnVpo9whHMLeJms+v8FmWrCOW58MBimNR5OmSU/EGaQmVmYH""}",2026-02-08 07:13:51.781199,2026-02-08 07:13:51.781251
134,a7a0d44c502245c5b437bb157311888b,0.0.1097012,,Kabila,"Sirio Recovery Portal
Request: a7a0d44c502245c5b437bb157311888b
Account: 0.0.1097012
Timestamp: 2026-02-08T07:36:01.418532+00:00",323120d66fe885aa067bcf4f184562806481a98e49560583e07397380072054e,CmQKIPeTrxvYmwYH1vY+HsZ6JKrfUA3aCRazQ0NEykfQJy3wGkD/SbEtlAz2zc/gCXVIN1t9W3QKotuPHeJbcpKi7gsfIBBovcprX/O7oOE7lrz3QwuUPF17f49Kup9KOSDQYqsG,"{""signatureMap"": ""CmQKIPeTrxvYmwYH1vY+HsZ6JKrfUA3aCRazQ0NEykfQJy3wGkD/SbEtlAz2zc/gCXVIN1t9W3QKotuPHeJbcpKi7gsfIBBovcprX/O7oOE7lrz3QwuUPF17f49Kup9KOSDQYqsG""}",2026-02-08 07:36:05.448303,2026-02-08 07:36:05.448359
135,e1e6e7a75eb84d2094d6abfda43be11e,0.0.1708350,,HashPack,"Sirio Recovery Portal
Request: e1e6e7a75eb84d2094d6abfda43be11e
Account: 0.0.1708350
Timestamp: 2026-02-08T09:29:11.886023+00:00",d8915da3a6e37f881df3309486a99e29b290c23541d706c76b1fd40a1182dc07,CmQKINzPYE3QizY9rVZPXfZRl/dLI8d6xo7RyISWg4CueD/bGkAPcmvIVc+5UQdwXQMk6GVezt6aHVGfh+ZeLXfonOWHIgsFZfKv80kWmWIyhgvZEBPk3uo/m99kiRnOmA8YJiYE,"{""signatureMap"": ""CmQKINzPYE3QizY9rVZPXfZRl/dLI8d6xo7RyISWg4CueD/bGkAPcmvIVc+5UQdwXQMk6GVezt6aHVGfh+ZeLXfonOWHIgsFZfKv80kWmWIyhgvZEBPk3uo/m99kiRnOmA8YJiYE""}",2026-02-08 09:29:15.048458,2026-02-08 09:29:15.048615
136,cd94c09a223645eaa252e60f88445047,0.0.836658,,HashPack,"Sirio Recovery Portal
Request: cd94c09a223645eaa252e60f88445047
Account: 0.0.836658
Timestamp: 2026-02-08T17:29:00.512260+00:00",9648cd6ee435baf81c799876eb101965a7f31dd6a65ab8a8a7078098b32e147c,CmQKINkYn/owunZQg0fYlD3TIOIvpC+o4BNHw/rVuAs88hOoGkDrKcUxATY4TODkJCYK/Mnap93aV8vERI69JPXd8F2ewwDWWJxCTd2NTZaoQQDECZiavmKeiZy7zw44QtGfyMkN,"{""signatureMap"": ""CmQKINkYn/owunZQg0fYlD3TIOIvpC+o4BNHw/rVuAs88hOoGkDrKcUxATY4TODkJCYK/Mnap93aV8vERI69JPXd8F2ewwDWWJxCTd2NTZaoQQDECZiavmKeiZy7zw44QtGfyMkN""}",2026-02-08 17:29:04.607191,2026-02-08 17:29:04.607249
137,5d3b859526434b458e0831b9b6e8b9b9,0.0.8209469,,Kabila,"Sirio Recovery Portal
Request: 5d3b859526434b458e0831b9b6e8b9b9
Account: 0.0.8209469
Timestamp: 2026-02-09T09:15:16.021371+00:00",19d925252046690707e674e2d221e39eefb5eb544f7fe5ea7da6565fa6e87457,CmQKIPSbE5HKDVHg9wokOTVQr+baIscmAUMGB0usRgedDSKDGkAZN6+x0Skre2bVhcJoRzhxHIPQOQ/Bgwd9GkAAxVK8SPHnwIHAYOHPeKV6t03z+3T1rGa+KSazhs2W3FIBJmAD,"{""signatureMap"": ""CmQKIPSbE5HKDVHg9wokOTVQr+baIscmAUMGB0usRgedDSKDGkAZN6+x0Skre2bVhcJoRzhxHIPQOQ/Bgwd9GkAAxVK8SPHnwIHAYOHPeKV6t03z+3T1rGa+KSazhs2W3FIBJmAD""}",2026-02-09 09:15:19.649734,2026-02-09 09:15:19.649828
138,6b844486f25a487b81137cd129810756,0.0.5700356,,Kabila,"Sirio Recovery Portal
Request: 6b844486f25a487b81137cd129810756
Account: 0.0.5700356
Timestamp: 2026-02-09T11:31:40.114583+00:00",9b74567036b241af9c7311e907fb72e531475cc0a460e026a2f4eae1ee68429f,CmUKIQI98oqgX48XPMxIDuujq0UQqA/Qt7DlHculycFgPN3aPjJA3T8J9ax6x3pNXvFhP8a91zItl6tzmmLx2tZAd2XIUCVBDP9RvvFS4yW0FK3ozCqtNPpvtOcJ8p9pkcw4cLOrqA==,"{""signatureMap"": ""CmUKIQI98oqgX48XPMxIDuujq0UQqA/Qt7DlHculycFgPN3aPjJA3T8J9ax6x3pNXvFhP8a91zItl6tzmmLx2tZAd2XIUCVBDP9RvvFS4yW0FK3ozCqtNPpvtOcJ8p9pkcw4cLOrqA==""}",2026-02-09 11:31:43.190155,2026-02-09 11:31:43.190198
139,cb316b46bb074ccdaf5bbf8e3b72eb3c,0.0.7807171,,WalletConnect,"Sirio Recovery Portal
Request: cb316b46bb074ccdaf5bbf8e3b72eb3c
Account: 0.0.7807171
Timestamp: 2026-02-09T14:28:56.804054+00:00",975ef594d558726b4286f13557f9af440711c1f76598fb31f185a8f47b329c5d,CmUKIQM2R7CyT5mHPlFux0GGos/ad7KPVjf09bD3uSPJ9AygfzJAg/+YJXjfGELoU/xqpqmaV5wKXwY9eHAvrioHSamlVn1Q4YzjTwsYUHD32p+/ny8Mp4E2vZ4jnwrM6O/+6MXQlw==,"{""userSignature"": ""CmUKIQM2R7CyT5mHPlFux0GGos/ad7KPVjf09bD3uSPJ9AygfzJAg/+YJXjfGELoU/xqpqmaV5wKXwY9eHAvrioHSamlVn1Q4YzjTwsYUHD32p+/ny8Mp4E2vZ4jnwrM6O/+6MXQlw==""}",2026-02-09 14:29:21.273267,2026-02-09 14:29:21.273311
140,c98783ff5ad245ce85b4a2bcfdb5d84c,0.0.8117644,,WalletConnect,"Sirio Recovery Portal
Request: c98783ff5ad245ce85b4a2bcfdb5d84c
Account: 0.0.8117644
Timestamp: 2026-02-09T14:34:57.868806+00:00",db438be90fac8df4c414e5d505cfd751552f8b22127f33292c15b52fd5c7655a,CmQKIFoUBqZP2DYDmblKf31GRT9E1INyib10OxnpFqyTlq+WGkDXcBpi30e0X1elSDN5cmkolXDpS7GcAtvDuZzv3DvMd81qXjRy7RyRX52mh81BOUlxmVWOPXkjLHgcQCG35GUJ,"{""userSignature"": ""CmQKIFoUBqZP2DYDmblKf31GRT9E1INyib10OxnpFqyTlq+WGkDXcBpi30e0X1elSDN5cmkolXDpS7GcAtvDuZzv3DvMd81qXjRy7RyRX52mh81BOUlxmVWOPXkjLHgcQCG35GUJ""}",2026-02-09 14:35:14.990222,2026-02-09 14:35:14.990277
141,91c73e2df3e34e33b292afddc8744305,0.0.7840939,,WalletConnect,"Sirio Recovery Portal
Request: 91c73e2df3e34e33b292afddc8744305
Account: 0.0.7840939
Timestamp: 2026-02-09T18:46:28.600591+00:00",fa06ab5f1fa635e0d3f474cb00e0ed9d97d8255785032bfe67f8f74e5923c5d9,CmUKIQO6rhIHX3VD4Lt/AonAU6z14tYh6ZC6Uz6Wcb9kRYGr8jJA/6SnlvimGDHCjh9aAO5PvCwO1Qerif6Zecruze/JSWUHTNU8Xs3sj44Ky4GPJUp8yF6642QhybIesNk40chyUg==,"{""userSignature"": ""CmUKIQO6rhIHX3VD4Lt/AonAU6z14tYh6ZC6Uz6Wcb9kRYGr8jJA/6SnlvimGDHCjh9aAO5PvCwO1Qerif6Zecruze/JSWUHTNU8Xs3sj44Ky4GPJUp8yF6642QhybIesNk40chyUg==""}",2026-02-09 18:46:35.992862,2026-02-09 18:46:35.992917
142,717649e418fd43cda4f4d01fffacd75d,0.0.1433899,,HashPack,"Sirio Recovery Portal
Request: 717649e418fd43cda4f4d01fffacd75d
Account: 0.0.1433899
Timestamp: 2026-02-09T20:36:37.629941+00:00",f7dc55753b7ca907e8393783cf83c49c79c47a6915072c26fe0dc91baad505ae,CmQKIG9o2oW4hjVP660/ek+3vWX0IorD2JxFBmos6cOjQm5MGkBrmzATzvuu9fXQvkZtKnpEh+VJJb1jewwLyzKPyAV9r05qJvk5VEbfNbQIA1znCW+iH7vC9APJfAseaFJLYFAL,"{""signatureMap"": ""CmQKIG9o2oW4hjVP660/ek+3vWX0IorD2JxFBmos6cOjQm5MGkBrmzATzvuu9fXQvkZtKnpEh+VJJb1jewwLyzKPyAV9r05qJvk5VEbfNbQIA1znCW+iH7vC9APJfAseaFJLYFAL""}",2026-02-09 20:40:30.148998,2026-02-09 20:40:30.149057
143,9d4a92f19cef4600a5ea91d359895d9c,0.0.7763952,,HashPack,"Sirio Recovery Portal
Request: 9d4a92f19cef4600a5ea91d359895d9c
Account: 0.0.7763952
Timestamp: 2026-02-10T04:19:38.513651+00:00",8aa6d7ca4a47ea40cd58097d0dad2523fbf15e89498315595856a9c26a9af346,CmUKIQIhaxY8QKe+bgVr/AXFY/ax4grOnviNTgFqtSlyb2jOUDJAoReKayxx5qSx/hBtCho1UFJKachTgB3WjWj4+/x2LU9bU7cWPkBQL4p6j2pVYi/2QGzUtR9z9YyhGrqIoDiNUw==,"{""signatureMap"": ""CmUKIQIhaxY8QKe+bgVr/AXFY/ax4grOnviNTgFqtSlyb2jOUDJAoReKayxx5qSx/hBtCho1UFJKachTgB3WjWj4+/x2LU9bU7cWPkBQL4p6j2pVYi/2QGzUtR9z9YyhGrqIoDiNUw==""}",2026-02-10 04:19:45.617433,2026-02-10 04:19:45.617490
